[NX v20.8.4 Daemon Server] - 2026-07-23T13:08:16.766Z - Started listening on: \\.\pipe\nx\C:\Users\yashk\AppData\Local\Temp\72e8141678d6eb23a7c7\d.sock
[NX v20.8.4 Daemon Server] - 2026-07-23T13:08:16.770Z - [WATCHER]: Subscribed to changes within: E:\nexorra\Vargani App (native)
[NX v20.8.4 Daemon Server] - 2026-07-23T13:08:16.774Z - Established a connection. Number of open connections: 1
[NX v20.8.4 Daemon Server] - 2026-07-23T13:08:16.778Z - Closed a connection. Number of open connections: 0
[NX v20.8.4 Daemon Server] - 2026-07-23T13:08:16.780Z - Established a connection. Number of open connections: 1
[NX v20.8.4 Daemon Server] - 2026-07-23T13:08:16.783Z - [REQUEST]: Responding to the client. Shutdown initiated
[NX v20.8.4 Daemon Server] - 2026-07-23T13:08:16.785Z - Done responding to the client Shutdown initiated
[NX v20.8.4 Daemon Server] - 2026-07-23T13:08:16.787Z - Handled FORCE_SHUTDOWN. Handling time: 1. Response time: 4.
[NX v20.8.4 Daemon Server] - 2026-07-23T13:08:16.787Z - Closed a connection. Number of open connections: 0
[NX v20.8.4 Daemon Server] - 2026-07-23T13:08:16.788Z - [WATCHER]: Stopping the watcher for E:\nexorra\Vargani App (sources)
[NX v20.8.4 Daemon Server] - 2026-07-23T13:08:16.789Z - [WATCHER]: Stopping the watcher for E:\nexorra\Vargani App (outputs)
[NX v20.8.4 Daemon Server] - 2026-07-23T13:08:16.790Z - Server stopped because: "Request to shutdown"
[NX v20.8.4 Daemon Server] - 2026-07-23T13:10:36.122Z - Started listening on: \\.\pipe\nx\C:\Users\yashk\AppData\Local\Temp\72e8141678d6eb23a7c7\d.sock
[NX v20.8.4 Daemon Server] - 2026-07-23T13:10:36.127Z - [WATCHER]: Subscribed to changes within: E:\nexorra\Vargani App (native)
[NX v20.8.4 Daemon Server] - 2026-07-23T13:10:36.131Z - Established a connection. Number of open connections: 1
[NX v20.8.4 Daemon Server] - 2026-07-23T13:10:36.132Z - Established a connection. Number of open connections: 2
[NX v20.8.4 Daemon Server] - 2026-07-23T13:10:36.137Z - Closed a connection. Number of open connections: 1
[NX v20.8.4 Daemon Server] - 2026-07-23T13:10:36.140Z - [REQUEST]: Client Request for Project Graph Received
[NX v20.8.4 Daemon Server] - 2026-07-23T13:10:36.178Z - Time taken for 'loadSpecifiedNxPlugins' 2.980699999999956ms
[NX v20.8.4 Daemon Server] - 2026-07-23T13:10:36.916Z - Time taken for 'Load Nx Plugin: E:\nexorra\Vargani App\node_modules\.pnpm\nx@20.8.4_debug@4.4.3_suppo_7b09a99fee7e589a69cf24eb4808fe70\node_modules\nx\src\plugins\package-json' 773.1486ms
[NX v20.8.4 Daemon Server] - 2026-07-23T13:10:36.985Z - [REQUEST]: Updated workspace context based on watched changes, recomputing project graph...
[NX v20.8.4 Daemon Server] - 2026-07-23T13:10:36.986Z - [REQUEST]: 
[NX v20.8.4 Daemon Server] - 2026-07-23T13:10:36.987Z - [REQUEST]: 
[NX v20.8.4 Daemon Server] - 2026-07-23T13:10:37.019Z - Time taken for 'loadDefaultNxPlugins' 838.6379ms
[NX v20.8.4 Daemon Server] - 2026-07-23T13:10:38.581Z - Time taken for 'build-project-configs' 1553.0053999999998ms
[NX v20.8.4 Daemon Server] - 2026-07-23T13:10:38.634Z - [SYNC]: collect registered sync generators
[NX v20.8.4 Daemon Server] - 2026-07-23T13:10:38.636Z - [REQUEST]: Responding to the client. project-graph
[NX v20.8.4 Daemon Server] - 2026-07-23T13:10:38.638Z - Time taken for 'total for creating and serializing project graph' 2496.5809999999997ms
[NX v20.8.4 Daemon Server] - 2026-07-23T13:10:38.639Z - Done responding to the client project-graph
[NX v20.8.4 Daemon Server] - 2026-07-23T13:10:38.640Z - Handled REQUEST_PROJECT_GRAPH. Handling time: 2496. Response time: 4.
[NX v20.8.4 Daemon Server] - 2026-07-23T13:10:38.653Z - [REQUEST]: Responding to the client. handleRunPreTasksExecution
[NX v20.8.4 Daemon Server] - 2026-07-23T13:10:38.653Z - Time taken for 'preTasksExecution' 1.0509000000001834ms
[NX v20.8.4 Daemon Server] - 2026-07-23T13:10:38.654Z - Done responding to the client handleRunPreTasksExecution
[NX v20.8.4 Daemon Server] - 2026-07-23T13:10:38.654Z - Handled PRE_TASKS_EXECUTION. Handling time: 1. Response time: 1.
[NX v20.8.4 Daemon Server] - 2026-07-23T13:10:38.906Z - [REQUEST]: Responding to the client. handleHashTasks
[NX v20.8.4 Daemon Server] - 2026-07-23T13:10:38.907Z - Done responding to the client handleHashTasks
[NX v20.8.4 Daemon Server] - 2026-07-23T13:10:38.908Z - Handled HASH_TASKS. Handling time: 25. Response time: 2.
[NX v20.8.4 Daemon Server] - 2026-07-23T13:10:38.942Z - [REQUEST]: Responding to the client. handleGetEstimatedTaskTimings
[NX v20.8.4 Daemon Server] - 2026-07-23T13:10:38.943Z - Done responding to the client handleGetEstimatedTaskTimings
[NX v20.8.4 Daemon Server] - 2026-07-23T13:10:38.943Z - Handled GET_ESTIMATED_TASK_TIMINGS. Handling time: 5. Response time: 1.
[NX v20.8.4 Daemon Server] - 2026-07-23T13:10:46.477Z - [WATCHER]: Processing file changes in outputs
[NX v20.8.4 Daemon Server] - 2026-07-23T13:10:46.539Z - [WATCHER]: Processing file changes in outputs
[NX v20.8.4 Daemon Server] - 2026-07-23T13:10:46.605Z - [REQUEST]: Responding to the client. recordOutputsHash
[NX v20.8.4 Daemon Server] - 2026-07-23T13:10:46.606Z - Done responding to the client recordOutputsHash
[NX v20.8.4 Daemon Server] - 2026-07-23T13:10:46.606Z - Handled RECORD_OUTPUTS_HASH. Handling time: 1. Response time: 1.
[NX v20.8.4 Daemon Server] - 2026-07-23T13:10:46.648Z - [REQUEST]: Responding to the client. handleRecordTaskRuns
[NX v20.8.4 Daemon Server] - 2026-07-23T13:10:46.649Z - Done responding to the client handleRecordTaskRuns
[NX v20.8.4 Daemon Server] - 2026-07-23T13:10:46.649Z - Handled RECORD_TASK_RUNS. Handling time: 34. Response time: 1.
[NX v20.8.4 Daemon Server] - 2026-07-23T13:10:46.652Z - [REQUEST]: Responding to the client. handleGetFlakyTasks
[NX v20.8.4 Daemon Server] - 2026-07-23T13:10:46.653Z - Done responding to the client handleGetFlakyTasks
[NX v20.8.4 Daemon Server] - 2026-07-23T13:10:46.653Z - Handled GET_FLAKY_TASKS. Handling time: 2. Response time: 1.
[NX v20.8.4 Daemon Server] - 2026-07-23T13:10:47.525Z - [REQUEST]: Responding to the client. handleRunPostTasksExecution
[NX v20.8.4 Daemon Server] - 2026-07-23T13:10:47.525Z - Time taken for 'postTasksExecution' 0.4885999999987689ms
[NX v20.8.4 Daemon Server] - 2026-07-23T13:10:47.526Z - Done responding to the client handleRunPostTasksExecution
[NX v20.8.4 Daemon Server] - 2026-07-23T13:10:47.527Z - Handled POST_TASKS_EXECUTION. Handling time: 1. Response time: 2.
[NX v20.8.4 Daemon Server] - 2026-07-23T13:10:47.532Z - Closed a connection. Number of open connections: 0
[NX v20.8.4 Daemon Server] - 2026-07-23T13:10:53.485Z - Started listening on: \\.\pipe\nx\C:\Users\yashk\AppData\Local\Temp\72e8141678d6eb23a7c7\d.sock
[NX v20.8.4 Daemon Server] - 2026-07-23T13:10:53.491Z - [WATCHER]: Subscribed to changes within: E:\nexorra\Vargani App (native)
[NX v20.8.4 Daemon Server] - 2026-07-23T13:10:53.501Z - Established a connection. Number of open connections: 1
[NX v20.8.4 Daemon Server] - 2026-07-23T13:10:53.505Z - Closed a connection. Number of open connections: 0
[NX v20.8.4 Daemon Server] - 2026-07-23T13:10:53.506Z - Established a connection. Number of open connections: 1
[NX v20.8.4 Daemon Server] - 2026-07-23T13:10:53.510Z - [REQUEST]: Client Request for Project Graph Received
[NX v20.8.4 Daemon Server] - 2026-07-23T13:10:53.551Z - Time taken for 'loadSpecifiedNxPlugins' 3.697300000000041ms
[NX v20.8.4 Daemon Server] - 2026-07-23T13:10:54.275Z - Time taken for 'Load Nx Plugin: E:\nexorra\Vargani App\node_modules\.pnpm\nx@20.8.4_debug@4.4.3_suppo_7b09a99fee7e589a69cf24eb4808fe70\node_modules\nx\src\plugins\package-json' 761.6242000000001ms
[NX v20.8.4 Daemon Server] - 2026-07-23T13:10:54.283Z - Time taken for 'Load Nx Plugin: E:\nexorra\Vargani App\node_modules\.pnpm\nx@20.8.4_debug@4.4.3_suppo_7b09a99fee7e589a69cf24eb4808fe70\node_modules\nx\src\plugins\project-json\build-nodes\project-json' 767.863ms
[NX v20.8.4 Daemon Server] - 2026-07-23T13:10:54.313Z - [REQUEST]: Updated workspace context based on watched changes, recomputing project graph...
[NX v20.8.4 Daemon Server] - 2026-07-23T13:10:54.314Z - [REQUEST]: 
[NX v20.8.4 Daemon Server] - 2026-07-23T13:10:54.314Z - [REQUEST]: 
[NX v20.8.4 Daemon Server] - 2026-07-23T13:10:54.326Z - Time taken for 'loadDefaultNxPlugins' 800.5967ms
'pnpm' is not recognized as an internal or external command,
operable program or batch file.
[NX v20.8.4 Daemon Server] - 2026-07-23T13:10:54.500Z - Time taken for 'build-project-configs' 149.72109999999998ms
[NX v20.8.4 Daemon Server] - 2026-07-23T13:10:54.554Z - [SYNC]: collect registered sync generators
[NX v20.8.4 Daemon Server] - 2026-07-23T13:10:54.558Z - [REQUEST]: Responding to the client. project-graph
[NX v20.8.4 Daemon Server] - 2026-07-23T13:10:54.560Z - Time taken for 'total for creating and serializing project graph' 1047.5805999999998ms
[NX v20.8.4 Daemon Server] - 2026-07-23T13:10:54.565Z - Done responding to the client project-graph
[NX v20.8.4 Daemon Server] - 2026-07-23T13:10:54.565Z - Handled REQUEST_PROJECT_GRAPH. Handling time: 1048. Response time: 7.
[NX v20.8.4 Daemon Server] - 2026-07-23T13:10:54.796Z - Closed a connection. Number of open connections: 0
[NX v20.8.4 Daemon Server] - 2026-07-23T13:11:10.277Z - Started listening on: \\.\pipe\nx\C:\Users\yashk\AppData\Local\Temp\72e8141678d6eb23a7c7\d.sock
[NX v20.8.4 Daemon Server] - 2026-07-23T13:11:10.281Z - [WATCHER]: Subscribed to changes within: E:\nexorra\Vargani App (native)
[NX v20.8.4 Daemon Server] - 2026-07-23T13:11:10.289Z - Established a connection. Number of open connections: 1
[NX v20.8.4 Daemon Server] - 2026-07-23T13:11:10.292Z - Closed a connection. Number of open connections: 0
[NX v20.8.4 Daemon Server] - 2026-07-23T13:11:10.293Z - Established a connection. Number of open connections: 1
[NX v20.8.4 Daemon Server] - 2026-07-23T13:11:10.295Z - [REQUEST]: Client Request for Project Graph Received
[NX v20.8.4 Daemon Server] - 2026-07-23T13:11:10.325Z - Time taken for 'loadSpecifiedNxPlugins' 2.6240999999999985ms
[NX v20.8.4 Daemon Server] - 2026-07-23T13:11:10.887Z - Time taken for 'Load Nx Plugin: E:\nexorra\Vargani App\node_modules\.pnpm\nx@20.8.4_debug@4.4.3_suppo_7b09a99fee7e589a69cf24eb4808fe70\node_modules\nx\src\plugins\project-json\build-nodes\project-json' 588.4408999999999ms
[NX v20.8.4 Daemon Server] - 2026-07-23T13:11:10.889Z - Time taken for 'Load Nx Plugin: E:\nexorra\Vargani App\node_modules\.pnpm\nx@20.8.4_debug@4.4.3_suppo_7b09a99fee7e589a69cf24eb4808fe70\node_modules\nx\src\plugins\package-json' 591.5466ms
[NX v20.8.4 Daemon Server] - 2026-07-23T13:11:10.908Z - [REQUEST]: Updated workspace context based on watched changes, recomputing project graph...
[NX v20.8.4 Daemon Server] - 2026-07-23T13:11:10.908Z - [REQUEST]: 
[NX v20.8.4 Daemon Server] - 2026-07-23T13:11:10.908Z - [REQUEST]: 
[NX v20.8.4 Daemon Server] - 2026-07-23T13:11:10.916Z - Time taken for 'loadDefaultNxPlugins' 610.9681ms
[NX v20.8.4 Daemon Server] - 2026-07-23T13:11:11.988Z - Time taken for 'build-project-configs' 1048.9191ms
[NX v20.8.4 Daemon Server] - 2026-07-23T13:11:12.030Z - [SYNC]: collect registered sync generators
[NX v20.8.4 Daemon Server] - 2026-07-23T13:11:12.031Z - [REQUEST]: Responding to the client. project-graph
[NX v20.8.4 Daemon Server] - 2026-07-23T13:11:12.032Z - Time taken for 'total for creating and serializing project graph' 1736.2752999999998ms
[NX v20.8.4 Daemon Server] - 2026-07-23T13:11:12.037Z - Done responding to the client project-graph
[NX v20.8.4 Daemon Server] - 2026-07-23T13:11:12.037Z - Handled REQUEST_PROJECT_GRAPH. Handling time: 1736. Response time: 6.
[NX v20.8.4 Daemon Server] - 2026-07-23T13:11:12.044Z - [REQUEST]: Responding to the client. handleRunPreTasksExecution
[NX v20.8.4 Daemon Server] - 2026-07-23T13:11:12.045Z - Time taken for 'preTasksExecution' 0.9290999999998348ms
[NX v20.8.4 Daemon Server] - 2026-07-23T13:11:12.046Z - Done responding to the client handleRunPreTasksExecution
[NX v20.8.4 Daemon Server] - 2026-07-23T13:11:12.046Z - Handled PRE_TASKS_EXECUTION. Handling time: 1. Response time: 2.
[NX v20.8.4 Daemon Server] - 2026-07-23T13:11:12.146Z - [REQUEST]: Responding to the client. handleHashTasks
[NX v20.8.4 Daemon Server] - 2026-07-23T13:11:12.147Z - Done responding to the client handleHashTasks
[NX v20.8.4 Daemon Server] - 2026-07-23T13:11:12.147Z - Handled HASH_TASKS. Handling time: 26. Response time: 1.
[NX v20.8.4 Daemon Server] - 2026-07-23T13:11:12.326Z - [REQUEST]: Responding to the client. handleGetEstimatedTaskTimings
[NX v20.8.4 Daemon Server] - 2026-07-23T13:11:12.328Z - Done responding to the client handleGetEstimatedTaskTimings
[NX v20.8.4 Daemon Server] - 2026-07-23T13:11:12.328Z - Handled GET_ESTIMATED_TASK_TIMINGS. Handling time: 11. Response time: 2.
[NX v20.8.4 Daemon Server] - 2026-07-23T13:11:17.216Z - [WATCHER]: Processing file changes in outputs
[NX v20.8.4 Daemon Server] - 2026-07-23T13:11:17.280Z - [WATCHER]: Processing file changes in outputs
[NX v20.8.4 Daemon Server] - 2026-07-23T13:11:17.318Z - [REQUEST]: Responding to the client. recordOutputsHash
[NX v20.8.4 Daemon Server] - 2026-07-23T13:11:17.319Z - Done responding to the client recordOutputsHash
[NX v20.8.4 Daemon Server] - 2026-07-23T13:11:17.319Z - Handled RECORD_OUTPUTS_HASH. Handling time: 0. Response time: 1.
[NX v20.8.4 Daemon Server] - 2026-07-23T13:11:17.513Z - [REQUEST]: Responding to the client. recordOutputsHash
[NX v20.8.4 Daemon Server] - 2026-07-23T13:11:17.515Z - Done responding to the client recordOutputsHash
[NX v20.8.4 Daemon Server] - 2026-07-23T13:11:17.516Z - Handled RECORD_OUTPUTS_HASH. Handling time: 0. Response time: 3.
[NX v20.8.4 Daemon Server] - 2026-07-23T13:11:18.022Z - [WATCHER]: Processing file changes in outputs
[NX v20.8.4 Daemon Server] - 2026-07-23T13:11:18.080Z - [WATCHER]: Processing file changes in outputs
[NX v20.8.4 Daemon Server] - 2026-07-23T13:11:18.159Z - [REQUEST]: Responding to the client. recordOutputsHash
[NX v20.8.4 Daemon Server] - 2026-07-23T13:11:18.160Z - Done responding to the client recordOutputsHash
[NX v20.8.4 Daemon Server] - 2026-07-23T13:11:18.160Z - Handled RECORD_OUTPUTS_HASH. Handling time: 0. Response time: 1.
[NX v20.8.4 Daemon Server] - 2026-07-23T13:11:18.787Z - [WATCHER]: Processing file changes in outputs
[NX v20.8.4 Daemon Server] - 2026-07-23T13:11:18.850Z - [WATCHER]: Processing file changes in outputs
[NX v20.8.4 Daemon Server] - 2026-07-23T13:11:18.914Z - [REQUEST]: Responding to the client. recordOutputsHash
[NX v20.8.4 Daemon Server] - 2026-07-23T13:11:18.915Z - Done responding to the client recordOutputsHash
[NX v20.8.4 Daemon Server] - 2026-07-23T13:11:18.915Z - Handled RECORD_OUTPUTS_HASH. Handling time: 0. Response time: 1.
[NX v20.8.4 Daemon Server] - 2026-07-23T13:11:22.292Z - [WATCHER]: Processing file changes in outputs
[NX v20.8.4 Daemon Server] - 2026-07-23T13:11:22.347Z - [WATCHER]: Processing file changes in outputs
[NX v20.8.4 Daemon Server] - 2026-07-23T13:11:22.445Z - [REQUEST]: Responding to the client. recordOutputsHash
[NX v20.8.4 Daemon Server] - 2026-07-23T13:11:22.446Z - Done responding to the client recordOutputsHash
[NX v20.8.4 Daemon Server] - 2026-07-23T13:11:22.446Z - Handled RECORD_OUTPUTS_HASH. Handling time: 0. Response time: 1.
[NX v20.8.4 Daemon Server] - 2026-07-23T13:11:22.827Z - [WATCHER]: Processing file changes in outputs
[NX v20.8.4 Daemon Server] - 2026-07-23T13:11:22.881Z - [WATCHER]: Processing file changes in outputs
[NX v20.8.4 Daemon Server] - 2026-07-23T13:11:22.962Z - [REQUEST]: Responding to the client. recordOutputsHash
[NX v20.8.4 Daemon Server] - 2026-07-23T13:11:22.963Z - Done responding to the client recordOutputsHash
[NX v20.8.4 Daemon Server] - 2026-07-23T13:11:22.963Z - Handled RECORD_OUTPUTS_HASH. Handling time: 0. Response time: 1.
[NX v20.8.4 Daemon Server] - 2026-07-23T13:11:23.168Z - [WATCHER]: Processing file changes in outputs
[NX v20.8.4 Daemon Server] - 2026-07-23T13:11:23.532Z - [WATCHER]: Processing file changes in outputs
[NX v20.8.4 Daemon Server] - 2026-07-23T13:11:23.559Z - [REQUEST]: Responding to the client. recordOutputsHash
[NX v20.8.4 Daemon Server] - 2026-07-23T13:11:23.560Z - Done responding to the client recordOutputsHash
[NX v20.8.4 Daemon Server] - 2026-07-23T13:11:23.560Z - Handled RECORD_OUTPUTS_HASH. Handling time: 0. Response time: 1.
[NX v20.8.4 Daemon Server] - 2026-07-23T13:11:25.982Z - [WATCHER]: Processing file changes in outputs
[NX v20.8.4 Daemon Server] - 2026-07-23T13:11:26.015Z - [REQUEST]: Responding to the client. recordOutputsHash
[NX v20.8.4 Daemon Server] - 2026-07-23T13:11:26.016Z - Done responding to the client recordOutputsHash
[NX v20.8.4 Daemon Server] - 2026-07-23T13:11:26.016Z - Handled RECORD_OUTPUTS_HASH. Handling time: 0. Response time: 1.
[NX v20.8.4 Daemon Server] - 2026-07-23T13:11:26.179Z - [REQUEST]: Responding to the client. handleRecordTaskRuns
[NX v20.8.4 Daemon Server] - 2026-07-23T13:11:26.182Z - Done responding to the client handleRecordTaskRuns
[NX v20.8.4 Daemon Server] - 2026-07-23T13:11:26.183Z - Handled RECORD_TASK_RUNS. Handling time: 158. Response time: 3.
[NX v20.8.4 Daemon Server] - 2026-07-23T13:11:26.189Z - [REQUEST]: Responding to the client. handleGetFlakyTasks
[NX v20.8.4 Daemon Server] - 2026-07-23T13:11:26.193Z - Done responding to the client handleGetFlakyTasks
[NX v20.8.4 Daemon Server] - 2026-07-23T13:11:26.194Z - Handled GET_FLAKY_TASKS. Handling time: 3. Response time: 5.
[NX v20.8.4 Daemon Server] - 2026-07-23T13:11:27.004Z - [REQUEST]: Responding to the client. handleRunPostTasksExecution
[NX v20.8.4 Daemon Server] - 2026-07-23T13:11:27.005Z - Time taken for 'postTasksExecution' 0.5871000000006461ms
[NX v20.8.4 Daemon Server] - 2026-07-23T13:11:27.006Z - Done responding to the client handleRunPostTasksExecution
[NX v20.8.4 Daemon Server] - 2026-07-23T13:11:27.006Z - Handled POST_TASKS_EXECUTION. Handling time: 1. Response time: 2.
[NX v20.8.4 Daemon Server] - 2026-07-23T13:11:27.010Z - Closed a connection. Number of open connections: 0
[NX v20.8.4 Daemon Server] - 2026-07-23T13:12:36.459Z - Started listening on: \\.\pipe\nx\C:\Users\yashk\AppData\Local\Temp\72e8141678d6eb23a7c7\d.sock
[NX v20.8.4 Daemon Server] - 2026-07-23T13:12:36.463Z - [WATCHER]: Subscribed to changes within: E:\nexorra\Vargani App (native)
[NX v20.8.4 Daemon Server] - 2026-07-23T13:12:36.467Z - Established a connection. Number of open connections: 1
[NX v20.8.4 Daemon Server] - 2026-07-23T13:12:36.469Z - Closed a connection. Number of open connections: 0
[NX v20.8.4 Daemon Server] - 2026-07-23T13:12:36.470Z - Established a connection. Number of open connections: 1
[NX v20.8.4 Daemon Server] - 2026-07-23T13:12:36.472Z - [REQUEST]: Client Request for Project Graph Received
[NX v20.8.4 Daemon Server] - 2026-07-23T13:12:36.501Z - Time taken for 'loadSpecifiedNxPlugins' 2.5631000000000768ms
[NX v20.8.4 Daemon Server] - 2026-07-23T13:12:37.033Z - Time taken for 'Load Nx Plugin: E:\nexorra\Vargani App\node_modules\.pnpm\nx@20.8.4_debug@4.4.3_suppo_7b09a99fee7e589a69cf24eb4808fe70\node_modules\nx\src\plugins\package-json' 558.0264ms
[NX v20.8.4 Daemon Server] - 2026-07-23T13:12:37.036Z - Time taken for 'Load Nx Plugin: E:\nexorra\Vargani App\node_modules\.pnpm\nx@20.8.4_debug@4.4.3_suppo_7b09a99fee7e589a69cf24eb4808fe70\node_modules\nx\src\plugins\project-json\build-nodes\project-json' 561.2691000000001ms
[NX v20.8.4 Daemon Server] - 2026-07-23T13:12:37.048Z - [REQUEST]: Updated workspace context based on watched changes, recomputing project graph...
[NX v20.8.4 Daemon Server] - 2026-07-23T13:12:37.049Z - [REQUEST]: 
[NX v20.8.4 Daemon Server] - 2026-07-23T13:12:37.049Z - [REQUEST]: 
[NX v20.8.4 Daemon Server] - 2026-07-23T13:12:37.056Z - Time taken for 'loadDefaultNxPlugins' 574.7513ms
[NX v20.8.4 Daemon Server] - 2026-07-23T13:12:38.260Z - Time taken for 'build-project-configs' 1177.717ms
[NX v20.8.4 Daemon Server] - 2026-07-23T13:12:38.368Z - [SYNC]: collect registered sync generators
[NX v20.8.4 Daemon Server] - 2026-07-23T13:12:38.370Z - [REQUEST]: Responding to the client. project-graph
[NX v20.8.4 Daemon Server] - 2026-07-23T13:12:38.371Z - Time taken for 'total for creating and serializing project graph' 1897.7682ms
[NX v20.8.4 Daemon Server] - 2026-07-23T13:12:38.372Z - Done responding to the client project-graph
[NX v20.8.4 Daemon Server] - 2026-07-23T13:12:38.372Z - Handled REQUEST_PROJECT_GRAPH. Handling time: 1898. Response time: 2.
[NX v20.8.4 Daemon Server] - 2026-07-23T13:12:38.381Z - [REQUEST]: Responding to the client. handleRunPreTasksExecution
[NX v20.8.4 Daemon Server] - 2026-07-23T13:12:38.382Z - Time taken for 'preTasksExecution' 1.2217000000000553ms
[NX v20.8.4 Daemon Server] - 2026-07-23T13:12:38.383Z - Done responding to the client handleRunPreTasksExecution
[NX v20.8.4 Daemon Server] - 2026-07-23T13:12:38.383Z - Handled PRE_TASKS_EXECUTION. Handling time: 1. Response time: 2.
[NX v20.8.4 Daemon Server] - 2026-07-23T13:12:38.467Z - [REQUEST]: Responding to the client. handleHashTasks
[NX v20.8.4 Daemon Server] - 2026-07-23T13:12:38.468Z - Done responding to the client handleHashTasks
[NX v20.8.4 Daemon Server] - 2026-07-23T13:12:38.468Z - Handled HASH_TASKS. Handling time: 25. Response time: 2.
[NX v20.8.4 Daemon Server] - 2026-07-23T13:12:39.696Z - [REQUEST]: Responding to the client. handleGetEstimatedTaskTimings
[NX v20.8.4 Daemon Server] - 2026-07-23T13:12:39.697Z - Done responding to the client handleGetEstimatedTaskTimings
[NX v20.8.4 Daemon Server] - 2026-07-23T13:12:39.697Z - Handled GET_ESTIMATED_TASK_TIMINGS. Handling time: 4. Response time: 1.
[NX v20.8.4 Daemon Server] - 2026-07-23T13:12:42.237Z - [REQUEST]: Responding to the client. recordOutputsHash
[NX v20.8.4 Daemon Server] - 2026-07-23T13:12:42.238Z - Done responding to the client recordOutputsHash
[NX v20.8.4 Daemon Server] - 2026-07-23T13:12:42.238Z - Handled RECORD_OUTPUTS_HASH. Handling time: 0. Response time: 1.
[NX v20.8.4 Daemon Server] - 2026-07-23T13:12:42.526Z - [REQUEST]: Responding to the client. recordOutputsHash
[NX v20.8.4 Daemon Server] - 2026-07-23T13:12:42.546Z - Done responding to the client recordOutputsHash
[NX v20.8.4 Daemon Server] - 2026-07-23T13:12:42.547Z - Handled RECORD_OUTPUTS_HASH. Handling time: 0. Response time: 21.
[NX v20.8.4 Daemon Server] - 2026-07-23T13:12:44.483Z - [WATCHER]: Processing file changes in outputs
[NX v20.8.4 Daemon Server] - 2026-07-23T13:12:44.550Z - [REQUEST]: Responding to the client. recordOutputsHash
[NX v20.8.4 Daemon Server] - 2026-07-23T13:12:44.551Z - Done responding to the client recordOutputsHash
[NX v20.8.4 Daemon Server] - 2026-07-23T13:12:44.551Z - Handled RECORD_OUTPUTS_HASH. Handling time: 0. Response time: 1.
[NX v20.8.4 Daemon Server] - 2026-07-23T13:12:45.157Z - [WATCHER]: Processing file changes in outputs
[NX v20.8.4 Daemon Server] - 2026-07-23T13:12:45.218Z - [REQUEST]: Responding to the client. recordOutputsHash
[NX v20.8.4 Daemon Server] - 2026-07-23T13:12:45.219Z - Done responding to the client recordOutputsHash
[NX v20.8.4 Daemon Server] - 2026-07-23T13:12:45.220Z - Handled RECORD_OUTPUTS_HASH. Handling time: 0. Response time: 2.
[NX v20.8.4 Daemon Server] - 2026-07-23T13:12:45.496Z - [REQUEST]: Responding to the client. recordOutputsHash
[NX v20.8.4 Daemon Server] - 2026-07-23T13:12:45.497Z - Done responding to the client recordOutputsHash
[NX v20.8.4 Daemon Server] - 2026-07-23T13:12:45.497Z - Handled RECORD_OUTPUTS_HASH. Handling time: 0. Response time: 1.
[NX v20.8.4 Daemon Server] - 2026-07-23T13:12:46.805Z - [WATCHER]: Processing file changes in outputs
[NX v20.8.4 Daemon Server] - 2026-07-23T13:12:47.236Z - [REQUEST]: Responding to the client. recordOutputsHash
[NX v20.8.4 Daemon Server] - 2026-07-23T13:12:47.238Z - Done responding to the client recordOutputsHash
[NX v20.8.4 Daemon Server] - 2026-07-23T13:12:47.239Z - Handled RECORD_OUTPUTS_HASH. Handling time: 1. Response time: 3.
[NX v20.8.4 Daemon Server] - 2026-07-23T13:12:47.909Z - [REQUEST]: Responding to the client. recordOutputsHash
[NX v20.8.4 Daemon Server] - 2026-07-23T13:12:47.910Z - Done responding to the client recordOutputsHash
[NX v20.8.4 Daemon Server] - 2026-07-23T13:12:47.910Z - Handled RECORD_OUTPUTS_HASH. Handling time: 0. Response time: 1.
[NX v20.8.4 Daemon Server] - 2026-07-23T13:12:48.784Z - [WATCHER]: Processing file changes in outputs
[NX v20.8.4 Daemon Server] - 2026-07-23T13:12:49.485Z - [WATCHER]: Processing file changes in outputs
[NX v20.8.4 Daemon Server] - 2026-07-23T13:12:51.765Z - [WATCHER]: Processing file changes in outputs
[NX v20.8.4 Daemon Server] - 2026-07-23T13:12:51.803Z - [REQUEST]: Responding to the client. recordOutputsHash
[NX v20.8.4 Daemon Server] - 2026-07-23T13:12:51.810Z - Done responding to the client recordOutputsHash
[NX v20.8.4 Daemon Server] - 2026-07-23T13:12:51.811Z - Handled RECORD_OUTPUTS_HASH. Handling time: 13. Response time: 8.
[NX v20.8.4 Daemon Server] - 2026-07-23T13:12:53.199Z - [WATCHER]: Processing file changes in outputs
[NX v20.8.4 Daemon Server] - 2026-07-23T13:12:53.232Z - [REQUEST]: Responding to the client. recordOutputsHash
[NX v20.8.4 Daemon Server] - 2026-07-23T13:12:53.233Z - Done responding to the client recordOutputsHash
[NX v20.8.4 Daemon Server] - 2026-07-23T13:12:53.233Z - Handled RECORD_OUTPUTS_HASH. Handling time: 8. Response time: 1.
[NX v20.8.4 Daemon Server] - 2026-07-23T13:12:53.368Z - [WATCHER]: Processing file changes in outputs
[NX v20.8.4 Daemon Server] - 2026-07-23T13:12:53.427Z - [REQUEST]: Responding to the client. recordOutputsHash
[NX v20.8.4 Daemon Server] - 2026-07-23T13:12:53.428Z - Done responding to the client recordOutputsHash
[NX v20.8.4 Daemon Server] - 2026-07-23T13:12:53.428Z - Handled RECORD_OUTPUTS_HASH. Handling time: 9. Response time: 1.
[NX v20.8.4 Daemon Server] - 2026-07-23T13:12:53.431Z - [WATCHER]: Processing file changes in outputs
[NX v20.8.4 Daemon Server] - 2026-07-23T13:12:54.873Z - [REQUEST]: Responding to the client. recordOutputsHash
[NX v20.8.4 Daemon Server] - 2026-07-23T13:12:54.874Z - Done responding to the client recordOutputsHash
[NX v20.8.4 Daemon Server] - 2026-07-23T13:12:54.874Z - Handled RECORD_OUTPUTS_HASH. Handling time: 0. Response time: 1.
[NX v20.8.4 Daemon Server] - 2026-07-23T13:12:54.910Z - [REQUEST]: Responding to the client. handleRecordTaskRuns
[NX v20.8.4 Daemon Server] - 2026-07-23T13:12:54.911Z - Done responding to the client handleRecordTaskRuns
[NX v20.8.4 Daemon Server] - 2026-07-23T13:12:54.911Z - Handled RECORD_TASK_RUNS. Handling time: 31. Response time: 2.
[NX v20.8.4 Daemon Server] - 2026-07-23T13:12:54.912Z - [REQUEST]: Responding to the client. handleGetFlakyTasks
[NX v20.8.4 Daemon Server] - 2026-07-23T13:12:54.913Z - Done responding to the client handleGetFlakyTasks
[NX v20.8.4 Daemon Server] - 2026-07-23T13:12:54.913Z - Handled GET_FLAKY_TASKS. Handling time: 0. Response time: 1.
[NX v20.8.4 Daemon Server] - 2026-07-23T13:12:55.695Z - [REQUEST]: Responding to the client. handleRunPostTasksExecution
[NX v20.8.4 Daemon Server] - 2026-07-23T13:12:55.696Z - Time taken for 'postTasksExecution' 0.38959999999860884ms
[NX v20.8.4 Daemon Server] - 2026-07-23T13:12:55.697Z - Done responding to the client handleRunPostTasksExecution
[NX v20.8.4 Daemon Server] - 2026-07-23T13:12:55.697Z - Handled POST_TASKS_EXECUTION. Handling time: 0. Response time: 2.
[NX v20.8.4 Daemon Server] - 2026-07-23T13:12:55.700Z - Closed a connection. Number of open connections: 0
[NX v20.8.4 Daemon Server] - 2026-07-23T13:14:56.296Z - Started listening on: \\.\pipe\nx\C:\Users\yashk\AppData\Local\Temp\72e8141678d6eb23a7c7\d.sock
[NX v20.8.4 Daemon Server] - 2026-07-23T13:14:56.299Z - [WATCHER]: Subscribed to changes within: E:\nexorra\Vargani App (native)
[NX v20.8.4 Daemon Server] - 2026-07-23T13:14:56.305Z - Established a connection. Number of open connections: 1
[NX v20.8.4 Daemon Server] - 2026-07-23T13:14:56.308Z - Closed a connection. Number of open connections: 0
[NX v20.8.4 Daemon Server] - 2026-07-23T13:14:56.309Z - Established a connection. Number of open connections: 1
[NX v20.8.4 Daemon Server] - 2026-07-23T13:14:56.311Z - [REQUEST]: Client Request for Project Graph Received
[NX v20.8.4 Daemon Server] - 2026-07-23T13:14:56.342Z - Time taken for 'loadSpecifiedNxPlugins' 2.6212000000000444ms
[NX v20.8.4 Daemon Server] - 2026-07-23T13:14:56.960Z - Time taken for 'Load Nx Plugin: E:\nexorra\Vargani App\node_modules\.pnpm\nx@20.8.4_debug@4.4.3_suppo_7b09a99fee7e589a69cf24eb4808fe70\node_modules\nx\src\plugins\project-json\build-nodes\project-json' 645.7297ms
[NX v20.8.4 Daemon Server] - 2026-07-23T13:14:56.961Z - Time taken for 'Load Nx Plugin: E:\nexorra\Vargani App\node_modules\.pnpm\nx@20.8.4_debug@4.4.3_suppo_7b09a99fee7e589a69cf24eb4808fe70\node_modules\nx\src\plugins\package-json' 647.8348ms
[NX v20.8.4 Daemon Server] - 2026-07-23T13:14:56.973Z - [REQUEST]: Updated workspace context based on watched changes, recomputing project graph...
[NX v20.8.4 Daemon Server] - 2026-07-23T13:14:56.974Z - [REQUEST]: 
[NX v20.8.4 Daemon Server] - 2026-07-23T13:14:56.974Z - [REQUEST]: 
[NX v20.8.4 Daemon Server] - 2026-07-23T13:14:56.982Z - Time taken for 'loadDefaultNxPlugins' 660.8235000000001ms
[NX v20.8.4 Daemon Server] - 2026-07-23T13:14:57.934Z - Time taken for 'build-project-configs' 931.4970999999998ms
[NX v20.8.4 Daemon Server] - 2026-07-23T13:14:58.089Z - [SYNC]: collect registered sync generators
[NX v20.8.4 Daemon Server] - 2026-07-23T13:14:58.091Z - [REQUEST]: Responding to the client. project-graph
[NX v20.8.4 Daemon Server] - 2026-07-23T13:14:58.093Z - Time taken for 'total for creating and serializing project graph' 1779.7362000000003ms
[NX v20.8.4 Daemon Server] - 2026-07-23T13:14:58.097Z - Done responding to the client project-graph
[NX v20.8.4 Daemon Server] - 2026-07-23T13:14:58.098Z - Handled REQUEST_PROJECT_GRAPH. Handling time: 1780. Response time: 7.
[NX v20.8.4 Daemon Server] - 2026-07-23T13:14:58.111Z - [REQUEST]: Responding to the client. handleRunPreTasksExecution
[NX v20.8.4 Daemon Server] - 2026-07-23T13:14:58.111Z - Time taken for 'preTasksExecution' 1.2361000000000786ms
[NX v20.8.4 Daemon Server] - 2026-07-23T13:14:58.113Z - Done responding to the client handleRunPreTasksExecution
[NX v20.8.4 Daemon Server] - 2026-07-23T13:14:58.113Z - Handled PRE_TASKS_EXECUTION. Handling time: 1. Response time: 2.
[NX v20.8.4 Daemon Server] - 2026-07-23T13:14:58.180Z - Closed a connection. Number of open connections: 0
[NX v20.8.4 Daemon Server] - 2026-07-23T13:16:04.689Z - Started listening on: \\.\pipe\nx\C:\Users\yashk\AppData\Local\Temp\72e8141678d6eb23a7c7\d.sock
[NX v20.8.4 Daemon Server] - 2026-07-23T13:16:04.693Z - [WATCHER]: Subscribed to changes within: E:\nexorra\Vargani App (native)
[NX v20.8.4 Daemon Server] - 2026-07-23T13:16:04.699Z - Established a connection. Number of open connections: 1
[NX v20.8.4 Daemon Server] - 2026-07-23T13:16:04.702Z - Closed a connection. Number of open connections: 0
[NX v20.8.4 Daemon Server] - 2026-07-23T13:16:04.703Z - Established a connection. Number of open connections: 1
[NX v20.8.4 Daemon Server] - 2026-07-23T13:16:04.705Z - [REQUEST]: Client Request for Project Graph Received
[NX v20.8.4 Daemon Server] - 2026-07-23T13:16:04.739Z - Time taken for 'loadSpecifiedNxPlugins' 2.8186999999999216ms
[NX v20.8.4 Daemon Server] - 2026-07-23T13:16:05.339Z - Time taken for 'Load Nx Plugin: E:\nexorra\Vargani App\node_modules\.pnpm\nx@20.8.4_debug@4.4.3_suppo_7b09a99fee7e589a69cf24eb4808fe70\node_modules\nx\src\plugins\project-json\build-nodes\project-json' 629.8921999999999ms
[NX v20.8.4 Daemon Server] - 2026-07-23T13:16:05.339Z - Time taken for 'Load Nx Plugin: E:\nexorra\Vargani App\node_modules\.pnpm\nx@20.8.4_debug@4.4.3_suppo_7b09a99fee7e589a69cf24eb4808fe70\node_modules\nx\src\plugins\package-json' 631.5946ms
[NX v20.8.4 Daemon Server] - 2026-07-23T13:16:05.357Z - [REQUEST]: Updated workspace context based on watched changes, recomputing project graph...
[NX v20.8.4 Daemon Server] - 2026-07-23T13:16:05.357Z - [REQUEST]: 
[NX v20.8.4 Daemon Server] - 2026-07-23T13:16:05.357Z - [REQUEST]: 
[NX v20.8.4 Daemon Server] - 2026-07-23T13:16:05.366Z - Time taken for 'loadDefaultNxPlugins' 650.3433ms
[NX v20.8.4 Daemon Server] - 2026-07-23T13:16:06.357Z - Time taken for 'build-project-configs' 964.9484ms
[NX v20.8.4 Daemon Server] - 2026-07-23T13:16:06.422Z - [SYNC]: collect registered sync generators
[NX v20.8.4 Daemon Server] - 2026-07-23T13:16:06.425Z - [REQUEST]: Responding to the client. project-graph
[NX v20.8.4 Daemon Server] - 2026-07-23T13:16:06.426Z - Time taken for 'total for creating and serializing project graph' 1719.5006000000003ms
[NX v20.8.4 Daemon Server] - 2026-07-23T13:16:06.428Z - Done responding to the client project-graph
[NX v20.8.4 Daemon Server] - 2026-07-23T13:16:06.428Z - Handled REQUEST_PROJECT_GRAPH. Handling time: 1720. Response time: 3.
[NX v20.8.4 Daemon Server] - 2026-07-23T13:16:06.438Z - [REQUEST]: Responding to the client. handleRunPreTasksExecution
[NX v20.8.4 Daemon Server] - 2026-07-23T13:16:06.438Z - Time taken for 'preTasksExecution' 0.9794999999999163ms
[NX v20.8.4 Daemon Server] - 2026-07-23T13:16:06.439Z - Done responding to the client handleRunPreTasksExecution
[NX v20.8.4 Daemon Server] - 2026-07-23T13:16:06.439Z - Handled PRE_TASKS_EXECUTION. Handling time: 1. Response time: 1.
[NX v20.8.4 Daemon Server] - 2026-07-23T13:16:06.517Z - [REQUEST]: Responding to the client. handleHashTasks
[NX v20.8.4 Daemon Server] - 2026-07-23T13:16:06.520Z - Done responding to the client handleHashTasks
[NX v20.8.4 Daemon Server] - 2026-07-23T13:16:06.520Z - Handled HASH_TASKS. Handling time: 13. Response time: 3.
[NX v20.8.4 Daemon Server] - 2026-07-23T13:16:06.544Z - [REQUEST]: Responding to the client. handleGetEstimatedTaskTimings
[NX v20.8.4 Daemon Server] - 2026-07-23T13:16:06.545Z - Done responding to the client handleGetEstimatedTaskTimings
[NX v20.8.4 Daemon Server] - 2026-07-23T13:16:06.545Z - Handled GET_ESTIMATED_TASK_TIMINGS. Handling time: 3. Response time: 1.
[NX v20.8.4 Daemon Server] - 2026-07-23T13:16:06.549Z - [REQUEST]: Responding to the client. handleRecordTaskRuns
[NX v20.8.4 Daemon Server] - 2026-07-23T13:16:06.551Z - Done responding to the client handleRecordTaskRuns
[NX v20.8.4 Daemon Server] - 2026-07-23T13:16:06.551Z - Handled RECORD_TASK_RUNS. Handling time: 1. Response time: 2.
[NX v20.8.4 Daemon Server] - 2026-07-23T13:16:06.552Z - [REQUEST]: Responding to the client. handleGetFlakyTasks
[NX v20.8.4 Daemon Server] - 2026-07-23T13:16:06.553Z - Done responding to the client handleGetFlakyTasks
[NX v20.8.4 Daemon Server] - 2026-07-23T13:16:06.554Z - Handled GET_FLAKY_TASKS. Handling time: 0. Response time: 1.
[NX v20.8.4 Daemon Server] - 2026-07-23T13:16:07.449Z - [REQUEST]: Responding to the client. handleRunPostTasksExecution
[NX v20.8.4 Daemon Server] - 2026-07-23T13:16:07.449Z - Time taken for 'postTasksExecution' 0.809099999999944ms
[NX v20.8.4 Daemon Server] - 2026-07-23T13:16:07.451Z - Done responding to the client handleRunPostTasksExecution
[NX v20.8.4 Daemon Server] - 2026-07-23T13:16:07.451Z - Handled POST_TASKS_EXECUTION. Handling time: 1. Response time: 2.
[NX v20.8.4 Daemon Server] - 2026-07-23T13:16:07.455Z - Closed a connection. Number of open connections: 0
[NX v20.8.4 Daemon Server] - 2026-07-23T13:17:26.450Z - Started listening on: \\.\pipe\nx\C:\Users\yashk\AppData\Local\Temp\72e8141678d6eb23a7c7\d.sock
[NX v20.8.4 Daemon Server] - 2026-07-23T13:17:26.454Z - [WATCHER]: Subscribed to changes within: E:\nexorra\Vargani App (native)
[NX v20.8.4 Daemon Server] - 2026-07-23T13:17:26.458Z - Established a connection. Number of open connections: 1
[NX v20.8.4 Daemon Server] - 2026-07-23T13:17:26.460Z - Established a connection. Number of open connections: 2
[NX v20.8.4 Daemon Server] - 2026-07-23T13:17:26.462Z - Closed a connection. Number of open connections: 1
[NX v20.8.4 Daemon Server] - 2026-07-23T13:17:26.465Z - [REQUEST]: Client Request for Project Graph Received
[NX v20.8.4 Daemon Server] - 2026-07-23T13:17:26.508Z - Time taken for 'loadSpecifiedNxPlugins' 4.342899999999986ms
[NX v20.8.4 Daemon Server] - 2026-07-23T13:17:27.253Z - Time taken for 'Load Nx Plugin: E:\nexorra\Vargani App\node_modules\.pnpm\nx@20.8.4_debug@4.4.3_suppo_7b09a99fee7e589a69cf24eb4808fe70\node_modules\nx\src\plugins\package-json' 782.9886999999999ms
[NX v20.8.4 Daemon Server] - 2026-07-23T13:17:27.260Z - Time taken for 'Load Nx Plugin: E:\nexorra\Vargani App\node_modules\.pnpm\nx@20.8.4_debug@4.4.3_suppo_7b09a99fee7e589a69cf24eb4808fe70\node_modules\nx\src\plugins\project-json\build-nodes\project-json' 789.2814000000001ms
[NX v20.8.4 Daemon Server] - 2026-07-23T13:17:27.293Z - [REQUEST]: Updated workspace context based on watched changes, recomputing project graph...
[NX v20.8.4 Daemon Server] - 2026-07-23T13:17:27.294Z - [REQUEST]: 
[NX v20.8.4 Daemon Server] - 2026-07-23T13:17:27.294Z - [REQUEST]: 
[NX v20.8.4 Daemon Server] - 2026-07-23T13:17:27.303Z - Time taken for 'loadDefaultNxPlugins' 825.7804ms
[NX v20.8.4 Daemon Server] - 2026-07-23T13:17:28.419Z - Time taken for 'build-project-configs' 1094.1390000000001ms
[NX v20.8.4 Daemon Server] - 2026-07-23T13:17:28.618Z - [SYNC]: collect registered sync generators
[NX v20.8.4 Daemon Server] - 2026-07-23T13:17:28.620Z - [REQUEST]: Responding to the client. project-graph
[NX v20.8.4 Daemon Server] - 2026-07-23T13:17:28.621Z - Time taken for 'total for creating and serializing project graph' 2154.745ms
[NX v20.8.4 Daemon Server] - 2026-07-23T13:17:28.623Z - Done responding to the client project-graph
[NX v20.8.4 Daemon Server] - 2026-07-23T13:17:28.623Z - Handled REQUEST_PROJECT_GRAPH. Handling time: 2155. Response time: 3.
[NX v20.8.4 Daemon Server] - 2026-07-23T13:17:28.632Z - [REQUEST]: Responding to the client. handleRunPreTasksExecution
[NX v20.8.4 Daemon Server] - 2026-07-23T13:17:28.632Z - Time taken for 'preTasksExecution' 1.4192000000002736ms
[NX v20.8.4 Daemon Server] - 2026-07-23T13:17:28.633Z - Done responding to the client handleRunPreTasksExecution
[NX v20.8.4 Daemon Server] - 2026-07-23T13:17:28.633Z - Handled PRE_TASKS_EXECUTION. Handling time: 2. Response time: 1.
[NX v20.8.4 Daemon Server] - 2026-07-23T13:17:28.738Z - [REQUEST]: Responding to the client. handleHashTasks
[NX v20.8.4 Daemon Server] - 2026-07-23T13:17:28.739Z - Done responding to the client handleHashTasks
[NX v20.8.4 Daemon Server] - 2026-07-23T13:17:28.739Z - Handled HASH_TASKS. Handling time: 31. Response time: 1.
[NX v20.8.4 Daemon Server] - 2026-07-23T13:17:29.731Z - [REQUEST]: Responding to the client. handleGetEstimatedTaskTimings
[NX v20.8.4 Daemon Server] - 2026-07-23T13:17:29.732Z - Done responding to the client handleGetEstimatedTaskTimings
[NX v20.8.4 Daemon Server] - 2026-07-23T13:17:29.732Z - Handled GET_ESTIMATED_TASK_TIMINGS. Handling time: 6. Response time: 1.
[NX v20.8.4 Daemon Server] - 2026-07-23T13:17:35.065Z - [WATCHER]: Processing file changes in outputs
[NX v20.8.4 Daemon Server] - 2026-07-23T13:17:35.121Z - [WATCHER]: Processing file changes in outputs
[NX v20.8.4 Daemon Server] - 2026-07-23T13:17:35.223Z - [REQUEST]: Responding to the client. recordOutputsHash
[NX v20.8.4 Daemon Server] - 2026-07-23T13:17:35.224Z - Done responding to the client recordOutputsHash
[NX v20.8.4 Daemon Server] - 2026-07-23T13:17:35.224Z - Handled RECORD_OUTPUTS_HASH. Handling time: 0. Response time: 1.
[NX v20.8.4 Daemon Server] - 2026-07-23T13:17:35.772Z - [WATCHER]: Processing file changes in outputs
[NX v20.8.4 Daemon Server] - 2026-07-23T13:17:36.005Z - [WATCHER]: Processing file changes in outputs
[NX v20.8.4 Daemon Server] - 2026-07-23T13:17:36.067Z - [WATCHER]: Processing file changes in outputs
[NX v20.8.4 Daemon Server] - 2026-07-23T13:17:36.133Z - [WATCHER]: Processing file changes in outputs
[NX v20.8.4 Daemon Server] - 2026-07-23T13:17:36.182Z - [REQUEST]: Responding to the client. recordOutputsHash
[NX v20.8.4 Daemon Server] - 2026-07-23T13:17:36.183Z - Done responding to the client recordOutputsHash
[NX v20.8.4 Daemon Server] - 2026-07-23T13:17:36.184Z - Handled RECORD_OUTPUTS_HASH. Handling time: 0. Response time: 2.
[NX v20.8.4 Daemon Server] - 2026-07-23T13:17:36.540Z - [WATCHER]: Processing file changes in outputs
[NX v20.8.4 Daemon Server] - 2026-07-23T13:17:36.666Z - [WATCHER]: Processing file changes in outputs
[NX v20.8.4 Daemon Server] - 2026-07-23T13:17:36.869Z - [WATCHER]: Processing file changes in outputs
[NX v20.8.4 Daemon Server] - 2026-07-23T13:17:36.950Z - [REQUEST]: Responding to the client. recordOutputsHash
[NX v20.8.4 Daemon Server] - 2026-07-23T13:17:36.951Z - Done responding to the client recordOutputsHash
[NX v20.8.4 Daemon Server] - 2026-07-23T13:17:36.951Z - Handled RECORD_OUTPUTS_HASH. Handling time: 0. Response time: 1.
[NX v20.8.4 Daemon Server] - 2026-07-23T13:17:38.580Z - [WATCHER]: Processing file changes in outputs
[NX v20.8.4 Daemon Server] - 2026-07-23T13:17:38.582Z - [WATCHER]: 1 file(s) created or restored, 0 file(s) modified, 1 file(s) deleted
[NX v20.8.4 Daemon Server] - 2026-07-23T13:17:38.692Z - [REQUEST]: Updated workspace context based on watched changes, recomputing project graph...
[NX v20.8.4 Daemon Server] - 2026-07-23T13:17:38.692Z - [REQUEST]: apps/mobile/lib/features/features.dart
[NX v20.8.4 Daemon Server] - 2026-07-23T13:17:38.692Z - [REQUEST]: apps/mobile/lib/features/features.dart.tmp.24124.1efccea16f1b
[NX v20.8.4 Daemon Server] - 2026-07-23T13:17:38.700Z - Time taken for 'hash changed files from watcher' 1.3822000000000116ms
[NX v20.8.4 Daemon Server] - 2026-07-23T13:17:38.741Z - Time taken for 'build-project-configs' 33.948200000000725ms
[NX v20.8.4 Daemon Server] - 2026-07-23T13:17:38.800Z - [SYNC]: collect registered sync generators
[NX v20.8.4 Daemon Server] - 2026-07-23T13:17:38.801Z - [SYNC]: project graph hash is the same, not collecting task sync generators
[NX v20.8.4 Daemon Server] - 2026-07-23T13:17:38.801Z - [SYNC]: nx.json hash is the same, not collecting global sync generators
[NX v20.8.4 Daemon Server] - 2026-07-23T13:17:38.801Z - Time taken for 'total execution time for createProjectGraph()' 48.95460000000094ms
[NX v20.8.4 Daemon Server] - 2026-07-23T13:17:41.799Z - [WATCHER]: Processing file changes in outputs
[NX v20.8.4 Daemon Server] - 2026-07-23T13:17:41.869Z - [WATCHER]: Processing file changes in outputs
[NX v20.8.4 Daemon Server] - 2026-07-23T13:17:41.921Z - [WATCHER]: Processing file changes in outputs
[NX v20.8.4 Daemon Server] - 2026-07-23T13:17:42.015Z - [REQUEST]: Responding to the client. recordOutputsHash
[NX v20.8.4 Daemon Server] - 2026-07-23T13:17:42.016Z - Done responding to the client recordOutputsHash
[NX v20.8.4 Daemon Server] - 2026-07-23T13:17:42.016Z - Handled RECORD_OUTPUTS_HASH. Handling time: 1. Response time: 1.
[NX v20.8.4 Daemon Server] - 2026-07-23T13:17:42.109Z - [WATCHER]: Processing file changes in outputs
[NX v20.8.4 Daemon Server] - 2026-07-23T13:17:42.202Z - [WATCHER]: Processing file changes in outputs
[NX v20.8.4 Daemon Server] - 2026-07-23T13:17:42.272Z - [REQUEST]: Responding to the client. recordOutputsHash
[NX v20.8.4 Daemon Server] - 2026-07-23T13:17:42.274Z - Done responding to the client recordOutputsHash
[NX v20.8.4 Daemon Server] - 2026-07-23T13:17:42.274Z - Handled RECORD_OUTPUTS_HASH. Handling time: 0. Response time: 2.
[NX v20.8.4 Daemon Server] - 2026-07-23T13:17:43.755Z - [WATCHER]: Processing file changes in outputs
[NX v20.8.4 Daemon Server] - 2026-07-23T13:17:43.819Z - [WATCHER]: Processing file changes in outputs
[NX v20.8.4 Daemon Server] - 2026-07-23T13:17:43.860Z - [REQUEST]: Responding to the client. recordOutputsHash
[NX v20.8.4 Daemon Server] - 2026-07-23T13:17:43.860Z - Done responding to the client recordOutputsHash
[NX v20.8.4 Daemon Server] - 2026-07-23T13:17:43.860Z - Handled RECORD_OUTPUTS_HASH. Handling time: 0. Response time: 0.
[NX v20.8.4 Daemon Server] - 2026-07-23T13:17:46.618Z - [WATCHER]: Processing file changes in outputs
[NX v20.8.4 Daemon Server] - 2026-07-23T13:17:46.696Z - [WATCHER]: Processing file changes in outputs
[NX v20.8.4 Daemon Server] - 2026-07-23T13:17:46.725Z - [REQUEST]: Responding to the client. recordOutputsHash
[NX v20.8.4 Daemon Server] - 2026-07-23T13:17:46.726Z - Done responding to the client recordOutputsHash
[NX v20.8.4 Daemon Server] - 2026-07-23T13:17:46.726Z - Handled RECORD_OUTPUTS_HASH. Handling time: 0. Response time: 1.
[NX v20.8.4 Daemon Server] - 2026-07-23T13:17:47.975Z - [WATCHER]: .gitignore.tmp.24124.78207b3eb819 was modified
[NX v20.8.4 Daemon Server] - 2026-07-23T13:17:47.976Z - [WATCHER]: Processing file changes in outputs
[NX v20.8.4 Daemon Server] - 2026-07-23T13:17:48.192Z - [REQUEST]: Updated workspace context based on watched changes, recomputing project graph...
[NX v20.8.4 Daemon Server] - 2026-07-23T13:17:48.192Z - [REQUEST]: .gitignore.tmp.24124.78207b3eb819
[NX v20.8.4 Daemon Server] - 2026-07-23T13:17:48.192Z - [REQUEST]: 
[NX v20.8.4 Daemon Server] - 2026-07-23T13:17:48.196Z - Time taken for 'hash changed files from watcher' 1.228899999998248ms
[NX v20.8.4 Daemon Server] - 2026-07-23T13:17:48.219Z - Time taken for 'build-project-configs' 18.443699999999808ms
[NX v20.8.4 Daemon Server] - 2026-07-23T13:17:48.266Z - [SYNC]: collect registered sync generators
[NX v20.8.4 Daemon Server] - 2026-07-23T13:17:48.267Z - [SYNC]: project graph hash is the same, not collecting task sync generators
[NX v20.8.4 Daemon Server] - 2026-07-23T13:17:48.267Z - [SYNC]: nx.json hash is the same, not collecting global sync generators
[NX v20.8.4 Daemon Server] - 2026-07-23T13:17:48.268Z - Time taken for 'total execution time for createProjectGraph()' 33.69739999999729ms
[NX v20.8.4 Daemon Server] - 2026-07-23T13:17:48.725Z - [WATCHER]: Processing file changes in outputs
[NX v20.8.4 Daemon Server] - 2026-07-23T13:17:49.194Z - [WATCHER]: Processing file changes in outputs
[NX v20.8.4 Daemon Server] - 2026-07-23T13:17:49.195Z - [WATCHER]: 1 file(s) created or restored, 0 file(s) modified, 1 file(s) deleted
[NX v20.8.4 Daemon Server] - 2026-07-23T13:17:49.196Z - [WATCHER]: Stopping the watcher for E:\nexorra\Vargani App (sources)
[NX v20.8.4 Daemon Server] - 2026-07-23T13:17:49.196Z - Closed a connection. Number of open connections: 0
[NX v20.8.4 Daemon Server] - 2026-07-23T13:17:49.196Z - [WATCHER]: Stopping the watcher for E:\nexorra\Vargani App (outputs)
[NX v20.8.4 Daemon Server] - 2026-07-23T13:17:49.197Z - Server stopped because: "Stopping the daemon the set of ignored files changed (native)"
[NX v20.8.4 Daemon Server] - 2026-07-23T13:17:50.179Z - Started listening on: \\.\pipe\nx\C:\Users\yashk\AppData\Local\Temp\72e8141678d6eb23a7c7\d.sock
[NX v20.8.4 Daemon Server] - 2026-07-23T13:17:50.184Z - [WATCHER]: Subscribed to changes within: E:\nexorra\Vargani App (native)
[NX v20.8.4 Daemon Server] - 2026-07-23T13:17:50.190Z - Established a connection. Number of open connections: 1
[NX v20.8.4 Daemon Server] - 2026-07-23T13:17:50.191Z - Established a connection. Number of open connections: 2
[NX v20.8.4 Daemon Server] - 2026-07-23T13:17:50.195Z - Closed a connection. Number of open connections: 1
[NX v20.8.4 Daemon Server] - 2026-07-23T13:17:50.200Z - [REQUEST]: Responding to the client. recordOutputsHash
[NX v20.8.4 Daemon Server] - 2026-07-23T13:17:50.202Z - Done responding to the client recordOutputsHash
[NX v20.8.4 Daemon Server] - 2026-07-23T13:17:50.202Z - Handled RECORD_OUTPUTS_HASH. Handling time: 0. Response time: 3.
[NX v20.8.4 Daemon Server] - 2026-07-23T13:17:50.342Z - Time taken for 'loadSpecifiedNxPlugins' 6.194399999999973ms
[NX v20.8.4 Daemon Server] - 2026-07-23T13:17:51.272Z - Time taken for 'Load Nx Plugin: E:\nexorra\Vargani App\node_modules\.pnpm\nx@20.8.4_debug@4.4.3_suppo_7b09a99fee7e589a69cf24eb4808fe70\node_modules\nx\src\plugins\package-json' 973.4783ms
[NX v20.8.4 Daemon Server] - 2026-07-23T13:17:51.296Z - Time taken for 'Load Nx Plugin: E:\nexorra\Vargani App\node_modules\.pnpm\nx@20.8.4_debug@4.4.3_suppo_7b09a99fee7e589a69cf24eb4808fe70\node_modules\nx\src\plugins\project-json\build-nodes\project-json' 997.2133000000001ms
[NX v20.8.4 Daemon Server] - 2026-07-23T13:17:51.324Z - [REQUEST]: Updated workspace context based on watched changes, recomputing project graph...
[NX v20.8.4 Daemon Server] - 2026-07-23T13:17:51.324Z - [REQUEST]: 
[NX v20.8.4 Daemon Server] - 2026-07-23T13:17:51.324Z - [REQUEST]: 
[NX v20.8.4 Daemon Server] - 2026-07-23T13:17:51.333Z - Time taken for 'loadDefaultNxPlugins' 1027.8397ms
[NX v20.8.4 Daemon Server] - 2026-07-23T13:17:52.105Z - [WATCHER]: Processing file changes in outputs
[NX v20.8.4 Daemon Server] - 2026-07-23T13:17:52.164Z - [WATCHER]: Processing file changes in outputs
[NX v20.8.4 Daemon Server] - 2026-07-23T13:17:52.707Z - Time taken for 'build-project-configs' 1348.1874999999998ms
[NX v20.8.4 Daemon Server] - 2026-07-23T13:17:52.761Z - [SYNC]: collect registered sync generators
[NX v20.8.4 Daemon Server] - 2026-07-23T13:17:52.763Z - Time taken for 'total execution time for createProjectGraph()' 47.87350000000015ms
[NX v20.8.4 Daemon Server] - 2026-07-23T13:17:56.555Z - [WATCHER]: Processing file changes in outputs
[NX v20.8.4 Daemon Server] - 2026-07-23T13:17:56.608Z - [WATCHER]: Processing file changes in outputs
[NX v20.8.4 Daemon Server] - 2026-07-23T13:17:56.644Z - [REQUEST]: Responding to the client. recordOutputsHash
[NX v20.8.4 Daemon Server] - 2026-07-23T13:17:56.645Z - Done responding to the client recordOutputsHash
[NX v20.8.4 Daemon Server] - 2026-07-23T13:17:56.645Z - Handled RECORD_OUTPUTS_HASH. Handling time: 10. Response time: 1.
[NX v20.8.4 Daemon Server] - 2026-07-23T13:17:57.325Z - [WATCHER]: Processing file changes in outputs
[NX v20.8.4 Daemon Server] - 2026-07-23T13:17:58.238Z - [WATCHER]: Processing file changes in outputs
[NX v20.8.4 Daemon Server] - 2026-07-23T13:17:58.531Z - [WATCHER]: Processing file changes in outputs
[NX v20.8.4 Daemon Server] - 2026-07-23T13:17:58.604Z - [WATCHER]: Processing file changes in outputs
[NX v20.8.4 Daemon Server] - 2026-07-23T13:17:58.627Z - [REQUEST]: Responding to the client. recordOutputsHash
[NX v20.8.4 Daemon Server] - 2026-07-23T13:17:58.628Z - Done responding to the client recordOutputsHash
[NX v20.8.4 Daemon Server] - 2026-07-23T13:17:58.629Z - Handled RECORD_OUTPUTS_HASH. Handling time: 5. Response time: 2.
[NX v20.8.4 Daemon Server] - 2026-07-23T13:17:58.675Z - [REQUEST]: Responding to the client. recordOutputsHash
[NX v20.8.4 Daemon Server] - 2026-07-23T13:17:58.676Z - [WATCHER]: Processing file changes in outputs
[NX v20.8.4 Daemon Server] - 2026-07-23T13:17:58.677Z - Done responding to the client recordOutputsHash
[NX v20.8.4 Daemon Server] - 2026-07-23T13:17:58.677Z - Handled RECORD_OUTPUTS_HASH. Handling time: 4. Response time: 2.
[NX v20.8.4 Daemon Server] - 2026-07-23T13:17:58.718Z - [REQUEST]: Responding to the client. handleRecordTaskRuns
[NX v20.8.4 Daemon Server] - 2026-07-23T13:17:58.720Z - Done responding to the client handleRecordTaskRuns
[NX v20.8.4 Daemon Server] - 2026-07-23T13:17:58.720Z - Handled RECORD_TASK_RUNS. Handling time: 38. Response time: 2.
[NX v20.8.4 Daemon Server] - 2026-07-23T13:17:58.721Z - [REQUEST]: Responding to the client. handleGetFlakyTasks
[NX v20.8.4 Daemon Server] - 2026-07-23T13:17:58.722Z - Done responding to the client handleGetFlakyTasks
[NX v20.8.4 Daemon Server] - 2026-07-23T13:17:58.723Z - Handled GET_FLAKY_TASKS. Handling time: 0. Response time: 2.
[NX v20.8.4 Daemon Server] - 2026-07-23T13:17:59.694Z - [REQUEST]: Responding to the client. handleRunPostTasksExecution
[NX v20.8.4 Daemon Server] - 2026-07-23T13:17:59.694Z - Time taken for 'postTasksExecution' 0.4328000000004977ms
[NX v20.8.4 Daemon Server] - 2026-07-23T13:17:59.695Z - Done responding to the client handleRunPostTasksExecution
[NX v20.8.4 Daemon Server] - 2026-07-23T13:17:59.695Z - Handled POST_TASKS_EXECUTION. Handling time: 1. Response time: 1.
[NX v20.8.4 Daemon Server] - 2026-07-23T13:17:59.699Z - Closed a connection. Number of open connections: 0
[NX v20.8.4 Daemon Server] - 2026-07-23T13:20:04.944Z - Started listening on: \\.\pipe\nx\C:\Users\yashk\AppData\Local\Temp\72e8141678d6eb23a7c7\d.sock
[NX v20.8.4 Daemon Server] - 2026-07-23T13:20:04.949Z - [WATCHER]: Subscribed to changes within: E:\nexorra\Vargani App (native)
[NX v20.8.4 Daemon Server] - 2026-07-23T13:20:04.952Z - Established a connection. Number of open connections: 1
[NX v20.8.4 Daemon Server] - 2026-07-23T13:20:04.954Z - Established a connection. Number of open connections: 2
[NX v20.8.4 Daemon Server] - 2026-07-23T13:20:04.956Z - Closed a connection. Number of open connections: 1
[NX v20.8.4 Daemon Server] - 2026-07-23T13:20:04.958Z - [REQUEST]: Client Request for Project Graph Received
[NX v20.8.4 Daemon Server] - 2026-07-23T13:20:04.991Z - Time taken for 'loadSpecifiedNxPlugins' 4.286799999999971ms
[NX v20.8.4 Daemon Server] - 2026-07-23T13:20:05.707Z - Time taken for 'Load Nx Plugin: E:\nexorra\Vargani App\node_modules\.pnpm\nx@20.8.4_debug@4.4.3_suppo_7b09a99fee7e589a69cf24eb4808fe70\node_modules\nx\src\plugins\package-json' 744.7183ms
[NX v20.8.4 Daemon Server] - 2026-07-23T13:20:05.717Z - Time taken for 'Load Nx Plugin: E:\nexorra\Vargani App\node_modules\.pnpm\nx@20.8.4_debug@4.4.3_suppo_7b09a99fee7e589a69cf24eb4808fe70\node_modules\nx\src\plugins\project-json\build-nodes\project-json' 753.6933999999999ms
[NX v20.8.4 Daemon Server] - 2026-07-23T13:20:05.747Z - [REQUEST]: Updated workspace context based on watched changes, recomputing project graph...
[NX v20.8.4 Daemon Server] - 2026-07-23T13:20:05.747Z - [REQUEST]: 
[NX v20.8.4 Daemon Server] - 2026-07-23T13:20:05.747Z - [REQUEST]: 
[NX v20.8.4 Daemon Server] - 2026-07-23T13:20:05.755Z - Time taken for 'loadDefaultNxPlugins' 786.0733000000001ms
[NX v20.8.4 Daemon Server] - 2026-07-23T13:20:06.816Z - Time taken for 'build-project-configs' 1035.5318000000002ms
[NX v20.8.4 Daemon Server] - 2026-07-23T13:20:06.879Z - [SYNC]: collect registered sync generators
[NX v20.8.4 Daemon Server] - 2026-07-23T13:20:06.881Z - [REQUEST]: Responding to the client. project-graph
[NX v20.8.4 Daemon Server] - 2026-07-23T13:20:06.882Z - Time taken for 'total for creating and serializing project graph' 1923.038ms
[NX v20.8.4 Daemon Server] - 2026-07-23T13:20:06.884Z - Done responding to the client project-graph
[NX v20.8.4 Daemon Server] - 2026-07-23T13:20:06.884Z - Handled REQUEST_PROJECT_GRAPH. Handling time: 1923. Response time: 3.
[NX v20.8.4 Daemon Server] - 2026-07-23T13:20:06.894Z - [REQUEST]: Responding to the client. handleRunPreTasksExecution
[NX v20.8.4 Daemon Server] - 2026-07-23T13:20:06.894Z - Time taken for 'preTasksExecution' 1.110700000000179ms
[NX v20.8.4 Daemon Server] - 2026-07-23T13:20:06.895Z - Done responding to the client handleRunPreTasksExecution
[NX v20.8.4 Daemon Server] - 2026-07-23T13:20:06.895Z - Handled PRE_TASKS_EXECUTION. Handling time: 1. Response time: 1.
[NX v20.8.4 Daemon Server] - 2026-07-23T13:20:07.006Z - [REQUEST]: Responding to the client. handleHashTasks
[NX v20.8.4 Daemon Server] - 2026-07-23T13:20:07.008Z - Done responding to the client handleHashTasks
[NX v20.8.4 Daemon Server] - 2026-07-23T13:20:07.008Z - Handled HASH_TASKS. Handling time: 30. Response time: 2.
[NX v20.8.4 Daemon Server] - 2026-07-23T13:20:08.668Z - [REQUEST]: Responding to the client. handleGetEstimatedTaskTimings
[NX v20.8.4 Daemon Server] - 2026-07-23T13:20:08.669Z - Done responding to the client handleGetEstimatedTaskTimings
[NX v20.8.4 Daemon Server] - 2026-07-23T13:20:08.669Z - Handled GET_ESTIMATED_TASK_TIMINGS. Handling time: 4. Response time: 1.
[NX v20.8.4 Daemon Server] - 2026-07-23T13:20:15.198Z - [WATCHER]: Processing file changes in outputs
[NX v20.8.4 Daemon Server] - 2026-07-23T13:20:15.251Z - [WATCHER]: Processing file changes in outputs
[NX v20.8.4 Daemon Server] - 2026-07-23T13:20:15.359Z - [REQUEST]: Responding to the client. recordOutputsHash
[NX v20.8.4 Daemon Server] - 2026-07-23T13:20:15.370Z - Done responding to the client recordOutputsHash
[NX v20.8.4 Daemon Server] - 2026-07-23T13:20:15.372Z - Handled RECORD_OUTPUTS_HASH. Handling time: 2. Response time: 13.
[NX v20.8.4 Daemon Server] - 2026-07-23T13:20:16.384Z - [WATCHER]: Processing file changes in outputs
[NX v20.8.4 Daemon Server] - 2026-07-23T13:20:16.457Z - [WATCHER]: Processing file changes in outputs
[NX v20.8.4 Daemon Server] - 2026-07-23T13:20:16.529Z - [WATCHER]: Processing file changes in outputs
[NX v20.8.4 Daemon Server] - 2026-07-23T13:20:16.616Z - [REQUEST]: Responding to the client. recordOutputsHash
[NX v20.8.4 Daemon Server] - 2026-07-23T13:20:16.620Z - Done responding to the client recordOutputsHash
[NX v20.8.4 Daemon Server] - 2026-07-23T13:20:16.621Z - Handled RECORD_OUTPUTS_HASH. Handling time: 1. Response time: 5.
[NX v20.8.4 Daemon Server] - 2026-07-23T13:20:17.633Z - [WATCHER]: Processing file changes in outputs
[NX v20.8.4 Daemon Server] - 2026-07-23T13:20:17.701Z - [WATCHER]: Processing file changes in outputs
[NX v20.8.4 Daemon Server] - 2026-07-23T13:20:17.777Z - [WATCHER]: Processing file changes in outputs
[NX v20.8.4 Daemon Server] - 2026-07-23T13:20:17.848Z - [REQUEST]: Responding to the client. recordOutputsHash
[NX v20.8.4 Daemon Server] - 2026-07-23T13:20:17.850Z - Done responding to the client recordOutputsHash
[NX v20.8.4 Daemon Server] - 2026-07-23T13:20:17.850Z - Handled RECORD_OUTPUTS_HASH. Handling time: 0. Response time: 2.
[NX v20.8.4 Daemon Server] - 2026-07-23T13:20:23.377Z - [WATCHER]: Processing file changes in outputs
[NX v20.8.4 Daemon Server] - 2026-07-23T13:20:23.433Z - [WATCHER]: Processing file changes in outputs
[NX v20.8.4 Daemon Server] - 2026-07-23T13:20:23.487Z - [WATCHER]: Processing file changes in outputs
[NX v20.8.4 Daemon Server] - 2026-07-23T13:20:23.531Z - [REQUEST]: Responding to the client. recordOutputsHash
[NX v20.8.4 Daemon Server] - 2026-07-23T13:20:23.532Z - Done responding to the client recordOutputsHash
[NX v20.8.4 Daemon Server] - 2026-07-23T13:20:23.532Z - Handled RECORD_OUTPUTS_HASH. Handling time: 1. Response time: 1.
[NX v20.8.4 Daemon Server] - 2026-07-23T13:20:23.546Z - [REQUEST]: Responding to the client. recordOutputsHash
[NX v20.8.4 Daemon Server] - 2026-07-23T13:20:23.547Z - Done responding to the client recordOutputsHash
[NX v20.8.4 Daemon Server] - 2026-07-23T13:20:23.547Z - Handled RECORD_OUTPUTS_HASH. Handling time: 0. Response time: 1.
[NX v20.8.4 Daemon Server] - 2026-07-23T13:20:26.179Z - [WATCHER]: Processing file changes in outputs
[NX v20.8.4 Daemon Server] - 2026-07-23T13:20:26.242Z - [WATCHER]: Processing file changes in outputs
[NX v20.8.4 Daemon Server] - 2026-07-23T13:20:26.313Z - [REQUEST]: Responding to the client. recordOutputsHash
[NX v20.8.4 Daemon Server] - 2026-07-23T13:20:26.314Z - Done responding to the client recordOutputsHash
[NX v20.8.4 Daemon Server] - 2026-07-23T13:20:26.314Z - Handled RECORD_OUTPUTS_HASH. Handling time: 0. Response time: 1.
[NX v20.8.4 Daemon Server] - 2026-07-23T13:20:29.731Z - [WATCHER]: 0 file(s) created or restored, 10 file(s) modified, 0 file(s) deleted
[NX v20.8.4 Daemon Server] - 2026-07-23T13:20:29.732Z - [WATCHER]: Processing file changes in outputs
[NX v20.8.4 Daemon Server] - 2026-07-23T13:20:29.789Z - [WATCHER]: Processing file changes in outputs
[NX v20.8.4 Daemon Server] - 2026-07-23T13:20:29.791Z - [WATCHER]: 0 file(s) created or restored, 14 file(s) modified, 0 file(s) deleted
[NX v20.8.4 Daemon Server] - 2026-07-23T13:20:29.845Z - [REQUEST]: Updated workspace context based on watched changes, recomputing project graph...
[NX v20.8.4 Daemon Server] - 2026-07-23T13:20:29.845Z - [REQUEST]: packages/backend-contracts/src/response.envelope.js.map,packages/backend-config/src/env.schema.js,packages/backend-contracts/src/index.js,packages/backend-contracts/src/response.envelope.js,packages/backend-contracts/src/index.d.ts,packages/backend-contracts/src/response.envelope.d.ts,packages/backend-config/src/env.schema.js.map,packages/backend-config/src/index.js.map,packages/backend-contracts/src/index.js.map,packages/backend-config/src/env.schema.d.ts,packages/backend-security/src/auth.interfaces.d.ts,packages/backend-config/src/index.d.ts,packages/backend-config/src/index.js,packages/backend-security/src/auth.interfaces.js.map,packages/backend-security/src/auth.interfaces.js,packages/backend-security/src/index.d.ts,packages/backend-security/src/hashing.service.js.map,packages/backend-security/src/hashing.service.d.ts,packages/backend-security/src/rbac.guards.js,packages/backend-security/src/hashing.service.js,packages/backend-security/src/rbac.guards.d.ts,packages/backend-security/src/index.js.map,packages/backend-security/src/index.js,packages/backend-security/src/rbac.guards.js.map
[NX v20.8.4 Daemon Server] - 2026-07-23T13:20:29.845Z - [REQUEST]: 
[NX v20.8.4 Daemon Server] - 2026-07-23T13:20:29.851Z - Time taken for 'hash changed files from watcher' 5.674599999998463ms
[NX v20.8.4 Daemon Server] - 2026-07-23T13:20:29.855Z - [WATCHER]: Processing file changes in outputs
[NX v20.8.4 Daemon Server] - 2026-07-23T13:20:29.858Z - [WATCHER]: 0 file(s) created or restored, 3 file(s) modified, 0 file(s) deleted
[NX v20.8.4 Daemon Server] - 2026-07-23T13:20:29.886Z - Time taken for 'build-project-configs' 26.351599999998143ms
[NX v20.8.4 Daemon Server] - 2026-07-23T13:20:29.927Z - [REQUEST]: Responding to the client. recordOutputsHash
[NX v20.8.4 Daemon Server] - 2026-07-23T13:20:29.928Z - Done responding to the client recordOutputsHash
[NX v20.8.4 Daemon Server] - 2026-07-23T13:20:29.928Z - Handled RECORD_OUTPUTS_HASH. Handling time: 0. Response time: 1.
[NX v20.8.4 Daemon Server] - 2026-07-23T13:20:29.974Z - [SYNC]: collect registered sync generators
[NX v20.8.4 Daemon Server] - 2026-07-23T13:20:29.975Z - [SYNC]: project graph hash is the same, not collecting task sync generators
[NX v20.8.4 Daemon Server] - 2026-07-23T13:20:29.975Z - [SYNC]: nx.json hash is the same, not collecting global sync generators
[NX v20.8.4 Daemon Server] - 2026-07-23T13:20:29.975Z - Time taken for 'total execution time for createProjectGraph()' 71.11579999999958ms
[NX v20.8.4 Daemon Server] - 2026-07-23T13:20:30.060Z - [REQUEST]: Updated workspace context based on watched changes, recomputing project graph...
[NX v20.8.4 Daemon Server] - 2026-07-23T13:20:30.060Z - [REQUEST]: 
[NX v20.8.4 Daemon Server] - 2026-07-23T13:20:30.060Z - [REQUEST]: 
[NX v20.8.4 Daemon Server] - 2026-07-23T13:20:30.068Z - Time taken for 'hash changed files from watcher' 0.5332000000016706ms
[NX v20.8.4 Daemon Server] - 2026-07-23T13:20:30.099Z - Time taken for 'build-project-configs' 25.566800000000512ms
[NX v20.8.4 Daemon Server] - 2026-07-23T13:20:30.172Z - [SYNC]: collect registered sync generators
[NX v20.8.4 Daemon Server] - 2026-07-23T13:20:30.174Z - [SYNC]: project graph hash is the same, not collecting task sync generators
[NX v20.8.4 Daemon Server] - 2026-07-23T13:20:30.175Z - [SYNC]: nx.json hash is the same, not collecting global sync generators
[NX v20.8.4 Daemon Server] - 2026-07-23T13:20:30.175Z - Time taken for 'total execution time for createProjectGraph()' 53.26729999999952ms
[NX v20.8.4 Daemon Server] - 2026-07-23T13:20:32.282Z - [WATCHER]: Processing file changes in outputs
[NX v20.8.4 Daemon Server] - 2026-07-23T13:20:32.354Z - [REQUEST]: Responding to the client. recordOutputsHash
[NX v20.8.4 Daemon Server] - 2026-07-23T13:20:32.354Z - Done responding to the client recordOutputsHash
[NX v20.8.4 Daemon Server] - 2026-07-23T13:20:32.355Z - Handled RECORD_OUTPUTS_HASH. Handling time: 1. Response time: 1.
[NX v20.8.4 Daemon Server] - 2026-07-23T13:20:34.196Z - [WATCHER]: Processing file changes in outputs
[NX v20.8.4 Daemon Server] - 2026-07-23T13:20:34.256Z - [WATCHER]: Processing file changes in outputs
[NX v20.8.4 Daemon Server] - 2026-07-23T13:20:39.587Z - [WATCHER]: Processing file changes in outputs
[NX v20.8.4 Daemon Server] - 2026-07-23T13:20:39.632Z - [REQUEST]: Responding to the client. recordOutputsHash
[NX v20.8.4 Daemon Server] - 2026-07-23T13:20:39.633Z - Done responding to the client recordOutputsHash
[NX v20.8.4 Daemon Server] - 2026-07-23T13:20:39.634Z - Handled RECORD_OUTPUTS_HASH. Handling time: 9. Response time: 2.
[NX v20.8.4 Daemon Server] - 2026-07-23T13:20:39.638Z - [WATCHER]: Processing file changes in outputs
[NX v20.8.4 Daemon Server] - 2026-07-23T13:20:39.700Z - [WATCHER]: Processing file changes in outputs
[NX v20.8.4 Daemon Server] - 2026-07-23T13:20:39.728Z - [REQUEST]: Responding to the client. recordOutputsHash
[NX v20.8.4 Daemon Server] - 2026-07-23T13:20:39.729Z - Done responding to the client recordOutputsHash
[NX v20.8.4 Daemon Server] - 2026-07-23T13:20:39.729Z - Handled RECORD_OUTPUTS_HASH. Handling time: 7. Response time: 1.
[NX v20.8.4 Daemon Server] - 2026-07-23T13:20:41.432Z - [WATCHER]: Processing file changes in outputs
[NX v20.8.4 Daemon Server] - 2026-07-23T13:20:41.959Z - [WATCHER]: Processing file changes in outputs
[NX v20.8.4 Daemon Server] - 2026-07-23T13:20:41.969Z - [REQUEST]: Responding to the client. recordOutputsHash
[NX v20.8.4 Daemon Server] - 2026-07-23T13:20:41.970Z - Done responding to the client recordOutputsHash
[NX v20.8.4 Daemon Server] - 2026-07-23T13:20:41.971Z - Handled RECORD_OUTPUTS_HASH. Handling time: 7. Response time: 2.
[NX v20.8.4 Daemon Server] - 2026-07-23T13:20:42.011Z - [REQUEST]: Responding to the client. handleRecordTaskRuns
[NX v20.8.4 Daemon Server] - 2026-07-23T13:20:42.013Z - Done responding to the client handleRecordTaskRuns
[NX v20.8.4 Daemon Server] - 2026-07-23T13:20:42.013Z - Handled RECORD_TASK_RUNS. Handling time: 36. Response time: 2.
[NX v20.8.4 Daemon Server] - 2026-07-23T13:20:42.015Z - [REQUEST]: Responding to the client. handleGetFlakyTasks
[NX v20.8.4 Daemon Server] - 2026-07-23T13:20:42.016Z - Done responding to the client handleGetFlakyTasks
[NX v20.8.4 Daemon Server] - 2026-07-23T13:20:42.016Z - Handled GET_FLAKY_TASKS. Handling time: 1. Response time: 1.
[NX v20.8.4 Daemon Server] - 2026-07-23T13:20:42.972Z - [REQUEST]: Responding to the client. handleRunPostTasksExecution
[NX v20.8.4 Daemon Server] - 2026-07-23T13:20:42.972Z - Time taken for 'postTasksExecution' 0.7945000000036089ms
[NX v20.8.4 Daemon Server] - 2026-07-23T13:20:42.973Z - Done responding to the client handleRunPostTasksExecution
[NX v20.8.4 Daemon Server] - 2026-07-23T13:20:42.973Z - Handled POST_TASKS_EXECUTION. Handling time: 1. Response time: 1.
[NX v20.8.4 Daemon Server] - 2026-07-23T13:20:42.978Z - Closed a connection. Number of open connections: 0
[NX v20.8.4 Daemon Server] - 2026-07-23T13:21:24.860Z - Started listening on: \\.\pipe\nx\C:\Users\yashk\AppData\Local\Temp\72e8141678d6eb23a7c7\d.sock
[NX v20.8.4 Daemon Server] - 2026-07-23T13:21:24.864Z - [WATCHER]: Subscribed to changes within: E:\nexorra\Vargani App (native)
[NX v20.8.4 Daemon Server] - 2026-07-23T13:21:24.867Z - Established a connection. Number of open connections: 1
[NX v20.8.4 Daemon Server] - 2026-07-23T13:21:24.868Z - Established a connection. Number of open connections: 2
[NX v20.8.4 Daemon Server] - 2026-07-23T13:21:24.870Z - Closed a connection. Number of open connections: 1
[NX v20.8.4 Daemon Server] - 2026-07-23T13:21:24.873Z - [REQUEST]: Client Request for Project Graph Received
[NX v20.8.4 Daemon Server] - 2026-07-23T13:21:24.905Z - Time taken for 'loadSpecifiedNxPlugins' 3.0924999999999727ms
[NX v20.8.4 Daemon Server] - 2026-07-23T13:21:25.542Z - Time taken for 'Load Nx Plugin: E:\nexorra\Vargani App\node_modules\.pnpm\nx@20.8.4_debug@4.4.3_suppo_7b09a99fee7e589a69cf24eb4808fe70\node_modules\nx\src\plugins\package-json' 666.386ms
[NX v20.8.4 Daemon Server] - 2026-07-23T13:21:25.553Z - Time taken for 'Load Nx Plugin: E:\nexorra\Vargani App\node_modules\.pnpm\nx@20.8.4_debug@4.4.3_suppo_7b09a99fee7e589a69cf24eb4808fe70\node_modules\nx\src\plugins\project-json\build-nodes\project-json' 676.0295000000001ms
[NX v20.8.4 Daemon Server] - 2026-07-23T13:21:25.584Z - [REQUEST]: Updated workspace context based on watched changes, recomputing project graph...
[NX v20.8.4 Daemon Server] - 2026-07-23T13:21:25.584Z - [REQUEST]: 
[NX v20.8.4 Daemon Server] - 2026-07-23T13:21:25.584Z - [REQUEST]: 
[NX v20.8.4 Daemon Server] - 2026-07-23T13:21:25.595Z - Time taken for 'loadDefaultNxPlugins' 708.9090000000001ms
[NX v20.8.4 Daemon Server] - 2026-07-23T13:21:26.497Z - Time taken for 'build-project-configs' 885.9622999999999ms
[NX v20.8.4 Daemon Server] - 2026-07-23T13:21:26.550Z - [SYNC]: collect registered sync generators
[NX v20.8.4 Daemon Server] - 2026-07-23T13:21:26.552Z - [REQUEST]: Responding to the client. project-graph
[NX v20.8.4 Daemon Server] - 2026-07-23T13:21:26.553Z - Time taken for 'total for creating and serializing project graph' 1679.0324999999998ms
[NX v20.8.4 Daemon Server] - 2026-07-23T13:21:26.555Z - Done responding to the client project-graph
[NX v20.8.4 Daemon Server] - 2026-07-23T13:21:26.555Z - Handled REQUEST_PROJECT_GRAPH. Handling time: 1679. Response time: 3.
[NX v20.8.4 Daemon Server] - 2026-07-23T13:21:26.563Z - [REQUEST]: Responding to the client. handleRunPreTasksExecution
[NX v20.8.4 Daemon Server] - 2026-07-23T13:21:26.563Z - Time taken for 'preTasksExecution' 0.9101000000000568ms
[NX v20.8.4 Daemon Server] - 2026-07-23T13:21:26.564Z - Done responding to the client handleRunPreTasksExecution
[NX v20.8.4 Daemon Server] - 2026-07-23T13:21:26.564Z - Handled PRE_TASKS_EXECUTION. Handling time: 1. Response time: 1.
[NX v20.8.4 Daemon Server] - 2026-07-23T13:21:26.661Z - [REQUEST]: Responding to the client. handleHashTasks
[NX v20.8.4 Daemon Server] - 2026-07-23T13:21:26.663Z - Done responding to the client handleHashTasks
[NX v20.8.4 Daemon Server] - 2026-07-23T13:21:26.663Z - Handled HASH_TASKS. Handling time: 27. Response time: 2.
[NX v20.8.4 Daemon Server] - 2026-07-23T13:21:26.721Z - [REQUEST]: Responding to the client. handleGetEstimatedTaskTimings
[NX v20.8.4 Daemon Server] - 2026-07-23T13:21:26.722Z - Done responding to the client handleGetEstimatedTaskTimings
[NX v20.8.4 Daemon Server] - 2026-07-23T13:21:26.722Z - Handled GET_ESTIMATED_TASK_TIMINGS. Handling time: 5. Response time: 1.
[NX v20.8.4 Daemon Server] - 2026-07-23T13:21:29.395Z - [REQUEST]: Responding to the client. recordOutputsHash
[NX v20.8.4 Daemon Server] - 2026-07-23T13:21:29.396Z - Done responding to the client recordOutputsHash
[NX v20.8.4 Daemon Server] - 2026-07-23T13:21:29.396Z - Handled RECORD_OUTPUTS_HASH. Handling time: 0. Response time: 1.
[NX v20.8.4 Daemon Server] - 2026-07-23T13:21:29.442Z - [REQUEST]: Responding to the client. recordOutputsHash
[NX v20.8.4 Daemon Server] - 2026-07-23T13:21:29.443Z - Done responding to the client recordOutputsHash
[NX v20.8.4 Daemon Server] - 2026-07-23T13:21:29.444Z - Handled RECORD_OUTPUTS_HASH. Handling time: 1. Response time: 2.
[NX v20.8.4 Daemon Server] - 2026-07-23T13:21:29.498Z - [REQUEST]: Responding to the client. recordOutputsHash
[NX v20.8.4 Daemon Server] - 2026-07-23T13:21:29.499Z - Done responding to the client recordOutputsHash
[NX v20.8.4 Daemon Server] - 2026-07-23T13:21:29.499Z - Handled RECORD_OUTPUTS_HASH. Handling time: 0. Response time: 1.
[NX v20.8.4 Daemon Server] - 2026-07-23T13:21:30.150Z - [REQUEST]: Responding to the client. recordOutputsHash
[NX v20.8.4 Daemon Server] - 2026-07-23T13:21:30.151Z - Done responding to the client recordOutputsHash
[NX v20.8.4 Daemon Server] - 2026-07-23T13:21:30.151Z - Handled RECORD_OUTPUTS_HASH. Handling time: 1. Response time: 1.
[NX v20.8.4 Daemon Server] - 2026-07-23T13:21:32.309Z - [REQUEST]: Responding to the client. recordOutputsHash
[NX v20.8.4 Daemon Server] - 2026-07-23T13:21:32.311Z - Done responding to the client recordOutputsHash
[NX v20.8.4 Daemon Server] - 2026-07-23T13:21:32.311Z - Handled RECORD_OUTPUTS_HASH. Handling time: 0. Response time: 2.
[NX v20.8.4 Daemon Server] - 2026-07-23T13:21:32.354Z - [REQUEST]: Responding to the client. recordOutputsHash
[NX v20.8.4 Daemon Server] - 2026-07-23T13:21:32.355Z - Done responding to the client recordOutputsHash
[NX v20.8.4 Daemon Server] - 2026-07-23T13:21:32.355Z - Handled RECORD_OUTPUTS_HASH. Handling time: 0. Response time: 1.
[NX v20.8.4 Daemon Server] - 2026-07-23T13:21:33.031Z - [REQUEST]: Responding to the client. recordOutputsHash
[NX v20.8.4 Daemon Server] - 2026-07-23T13:21:33.032Z - Done responding to the client recordOutputsHash
[NX v20.8.4 Daemon Server] - 2026-07-23T13:21:33.033Z - Handled RECORD_OUTPUTS_HASH. Handling time: 0. Response time: 2.
[NX v20.8.4 Daemon Server] - 2026-07-23T13:21:34.516Z - [WATCHER]: Processing file changes in outputs
[NX v20.8.4 Daemon Server] - 2026-07-23T13:21:37.522Z - [WATCHER]: Processing file changes in outputs
[NX v20.8.4 Daemon Server] - 2026-07-23T13:21:37.615Z - [REQUEST]: Responding to the client. recordOutputsHash
[NX v20.8.4 Daemon Server] - 2026-07-23T13:21:37.616Z - Done responding to the client recordOutputsHash
[NX v20.8.4 Daemon Server] - 2026-07-23T13:21:37.617Z - Handled RECORD_OUTPUTS_HASH. Handling time: 0. Response time: 2.
[NX v20.8.4 Daemon Server] - 2026-07-23T13:21:39.142Z - [WATCHER]: Processing file changes in outputs
[NX v20.8.4 Daemon Server] - 2026-07-23T13:21:39.214Z - [WATCHER]: Processing file changes in outputs
[NX v20.8.4 Daemon Server] - 2026-07-23T13:21:39.227Z - [REQUEST]: Responding to the client. recordOutputsHash
[NX v20.8.4 Daemon Server] - 2026-07-23T13:21:39.231Z - Done responding to the client recordOutputsHash
[NX v20.8.4 Daemon Server] - 2026-07-23T13:21:39.232Z - Handled RECORD_OUTPUTS_HASH. Handling time: 12. Response time: 5.
[NX v20.8.4 Daemon Server] - 2026-07-23T13:21:39.421Z - [WATCHER]: Processing file changes in outputs
[NX v20.8.4 Daemon Server] - 2026-07-23T13:21:39.478Z - [WATCHER]: Processing file changes in outputs
[NX v20.8.4 Daemon Server] - 2026-07-23T13:21:41.343Z - [WATCHER]: Processing file changes in outputs
[NX v20.8.4 Daemon Server] - 2026-07-23T13:21:41.767Z - [REQUEST]: Responding to the client. recordOutputsHash
[NX v20.8.4 Daemon Server] - 2026-07-23T13:21:41.769Z - [WATCHER]: Processing file changes in outputs
[NX v20.8.4 Daemon Server] - 2026-07-23T13:21:41.771Z - Done responding to the client recordOutputsHash
[NX v20.8.4 Daemon Server] - 2026-07-23T13:21:41.771Z - Handled RECORD_OUTPUTS_HASH. Handling time: 355. Response time: 4.
[NX v20.8.4 Daemon Server] - 2026-07-23T13:21:44.785Z - [WATCHER]: Processing file changes in outputs
[NX v20.8.4 Daemon Server] - 2026-07-23T13:21:44.812Z - [REQUEST]: Responding to the client. recordOutputsHash
[NX v20.8.4 Daemon Server] - 2026-07-23T13:21:44.814Z - Done responding to the client recordOutputsHash
[NX v20.8.4 Daemon Server] - 2026-07-23T13:21:44.814Z - Handled RECORD_OUTPUTS_HASH. Handling time: 8. Response time: 2.
[NX v20.8.4 Daemon Server] - 2026-07-23T13:21:46.099Z - [REQUEST]: Responding to the client. handleRecordTaskRuns
[NX v20.8.4 Daemon Server] - 2026-07-23T13:21:46.100Z - Done responding to the client handleRecordTaskRuns
[NX v20.8.4 Daemon Server] - 2026-07-23T13:21:46.100Z - Handled RECORD_TASK_RUNS. Handling time: 1280. Response time: 1.
[NX v20.8.4 Daemon Server] - 2026-07-23T13:21:46.101Z - [REQUEST]: Responding to the client. handleGetFlakyTasks
[NX v20.8.4 Daemon Server] - 2026-07-23T13:21:46.102Z - Done responding to the client handleGetFlakyTasks
[NX v20.8.4 Daemon Server] - 2026-07-23T13:21:46.102Z - Handled GET_FLAKY_TASKS. Handling time: 0. Response time: 1.
[NX v20.8.4 Daemon Server] - 2026-07-23T13:21:46.898Z - [REQUEST]: Responding to the client. handleRunPostTasksExecution
[NX v20.8.4 Daemon Server] - 2026-07-23T13:21:46.898Z - Time taken for 'postTasksExecution' 0.4301000000014028ms
[NX v20.8.4 Daemon Server] - 2026-07-23T13:21:46.899Z - Done responding to the client handleRunPostTasksExecution
[NX v20.8.4 Daemon Server] - 2026-07-23T13:21:46.899Z - Handled POST_TASKS_EXECUTION. Handling time: 1. Response time: 1.
[NX v20.8.4 Daemon Server] - 2026-07-23T13:21:46.903Z - Closed a connection. Number of open connections: 0
[NX v20.8.4 Daemon Server] - 2026-07-23T13:22:03.801Z - [WATCHER]: packages/backend-testing/tsconfig.json was modified
[NX v20.8.4 Daemon Server] - 2026-07-23T13:22:03.803Z - [WATCHER]: Processing file changes in outputs
[NX v20.8.4 Daemon Server] - 2026-07-23T13:22:03.931Z - [REQUEST]: Updated workspace context based on watched changes, recomputing project graph...
[NX v20.8.4 Daemon Server] - 2026-07-23T13:22:03.931Z - [REQUEST]: packages/backend-testing/tsconfig.json
[NX v20.8.4 Daemon Server] - 2026-07-23T13:22:03.931Z - [REQUEST]: 
[NX v20.8.4 Daemon Server] - 2026-07-23T13:22:04.227Z - Time taken for 'hash changed files from watcher' 0.8141000000032363ms
[NX v20.8.4 Daemon Server] - 2026-07-23T13:22:04.326Z - Time taken for 'build-project-configs' 72.18050000000221ms
[NX v20.8.4 Daemon Server] - 2026-07-23T13:22:04.737Z - [SYNC]: collect registered sync generators
[NX v20.8.4 Daemon Server] - 2026-07-23T13:22:04.739Z - [SYNC]: project graph hash is the same, not collecting task sync generators
[NX v20.8.4 Daemon Server] - 2026-07-23T13:22:04.740Z - [SYNC]: nx.json hash is the same, not collecting global sync generators
[NX v20.8.4 Daemon Server] - 2026-07-23T13:22:04.740Z - Time taken for 'total execution time for createProjectGraph()' 171.42389999999432ms
[NX v20.8.4 Daemon Server] - 2026-07-23T13:22:09.277Z - [WATCHER]: Processing file changes in outputs
[NX v20.8.4 Daemon Server] - 2026-07-23T13:22:09.280Z - [WATCHER]: apps/api/tsconfig.json was modified
[NX v20.8.4 Daemon Server] - 2026-07-23T13:22:09.485Z - [REQUEST]: Updated workspace context based on watched changes, recomputing project graph...
[NX v20.8.4 Daemon Server] - 2026-07-23T13:22:09.485Z - [REQUEST]: apps/api/tsconfig.json
[NX v20.8.4 Daemon Server] - 2026-07-23T13:22:09.485Z - [REQUEST]: 
[NX v20.8.4 Daemon Server] - 2026-07-23T13:22:09.502Z - Time taken for 'hash changed files from watcher' 1.0560000000041327ms
[NX v20.8.4 Daemon Server] - 2026-07-23T13:22:09.544Z - Time taken for 'build-project-configs' 34.40260000000126ms
[NX v20.8.4 Daemon Server] - 2026-07-23T13:22:09.641Z - [SYNC]: collect registered sync generators
[NX v20.8.4 Daemon Server] - 2026-07-23T13:22:09.643Z - [SYNC]: project graph hash is the same, not collecting task sync generators
[NX v20.8.4 Daemon Server] - 2026-07-23T13:22:09.643Z - [SYNC]: nx.json hash is the same, not collecting global sync generators
[NX v20.8.4 Daemon Server] - 2026-07-23T13:22:09.644Z - Time taken for 'total execution time for createProjectGraph()' 79.99079999999958ms
[NX v20.8.4 Daemon Server] - 2026-07-23T13:22:15.278Z - [WATCHER]: apps/worker/tsconfig.json was modified
[NX v20.8.4 Daemon Server] - 2026-07-23T13:22:15.279Z - [WATCHER]: Processing file changes in outputs
[NX v20.8.4 Daemon Server] - 2026-07-23T13:22:15.682Z - [REQUEST]: Updated workspace context based on watched changes, recomputing project graph...
[NX v20.8.4 Daemon Server] - 2026-07-23T13:22:15.682Z - [REQUEST]: apps/worker/tsconfig.json
[NX v20.8.4 Daemon Server] - 2026-07-23T13:22:15.683Z - [REQUEST]: 
[NX v20.8.4 Daemon Server] - 2026-07-23T13:22:15.704Z - Time taken for 'hash changed files from watcher' 0.8249999999970896ms
[NX v20.8.4 Daemon Server] - 2026-07-23T13:22:15.743Z - Time taken for 'build-project-configs' 36.95709999999963ms
[NX v20.8.4 Daemon Server] - 2026-07-23T13:22:15.841Z - [SYNC]: collect registered sync generators
[NX v20.8.4 Daemon Server] - 2026-07-23T13:22:15.842Z - [SYNC]: project graph hash is the same, not collecting task sync generators
[NX v20.8.4 Daemon Server] - 2026-07-23T13:22:15.842Z - [SYNC]: nx.json hash is the same, not collecting global sync generators
[NX v20.8.4 Daemon Server] - 2026-07-23T13:22:15.843Z - Time taken for 'total execution time for createProjectGraph()' 82.94170000000304ms
[NX v20.8.4 Daemon Server] - 2026-07-23T13:22:19.091Z - [WATCHER]: 0 file(s) created or restored, 2 file(s) modified, 0 file(s) deleted
[NX v20.8.4 Daemon Server] - 2026-07-23T13:22:19.092Z - [WATCHER]: Processing file changes in outputs
[NX v20.8.4 Daemon Server] - 2026-07-23T13:22:19.277Z - [WATCHER]: apps/mobile/lib/features/receipt_books/receipt_books.dart was modified
[NX v20.8.4 Daemon Server] - 2026-07-23T13:22:19.278Z - [WATCHER]: Processing file changes in outputs
[NX v20.8.4 Daemon Server] - 2026-07-23T13:22:19.353Z - [WATCHER]: Processing file changes in outputs
[NX v20.8.4 Daemon Server] - 2026-07-23T13:22:19.355Z - [WATCHER]: apps/mobile/lib/features/vendors/vendors.dart was modified
[NX v20.8.4 Daemon Server] - 2026-07-23T13:22:19.415Z - [WATCHER]: Processing file changes in outputs
[NX v20.8.4 Daemon Server] - 2026-07-23T13:22:19.418Z - [WATCHER]: apps/mobile/lib/features/expense_approval_policy/expense_approval_policy.dart was modified
[NX v20.8.4 Daemon Server] - 2026-07-23T13:22:19.900Z - [REQUEST]: Updated workspace context based on watched changes, recomputing project graph...
[NX v20.8.4 Daemon Server] - 2026-07-23T13:22:19.900Z - [REQUEST]: apps/mobile/assets/icons/.gitkeep,apps/mobile/assets/images/.gitkeep,apps/mobile/lib/features/receipt_books/receipt_books.dart,apps/mobile/lib/features/vendors/vendors.dart,apps/mobile/lib/features/expense_approval_policy/expense_approval_policy.dart
[NX v20.8.4 Daemon Server] - 2026-07-23T13:22:19.900Z - [REQUEST]: 
[NX v20.8.4 Daemon Server] - 2026-07-23T13:22:19.906Z - Time taken for 'hash changed files from watcher' 0.9777000000030966ms
[NX v20.8.4 Daemon Server] - 2026-07-23T13:22:19.939Z - Time taken for 'build-project-configs' 25.81970000000001ms
[NX v20.8.4 Daemon Server] - 2026-07-23T13:22:19.996Z - [SYNC]: collect registered sync generators
[NX v20.8.4 Daemon Server] - 2026-07-23T13:22:19.997Z - [SYNC]: project graph hash is the same, not collecting task sync generators
[NX v20.8.4 Daemon Server] - 2026-07-23T13:22:19.997Z - [SYNC]: nx.json hash is the same, not collecting global sync generators
[NX v20.8.4 Daemon Server] - 2026-07-23T13:22:19.998Z - Time taken for 'total execution time for createProjectGraph()' 44.9742000000042ms
[NX v20.8.4 Daemon Server] - 2026-07-23T13:22:20.416Z - [WATCHER]: apps/scheduler/tsconfig.json was modified
[NX v20.8.4 Daemon Server] - 2026-07-23T13:22:20.417Z - [WATCHER]: Processing file changes in outputs
[NX v20.8.4 Daemon Server] - 2026-07-23T13:22:22.022Z - [REQUEST]: Updated workspace context based on watched changes, recomputing project graph...
[NX v20.8.4 Daemon Server] - 2026-07-23T13:22:22.023Z - [REQUEST]: apps/scheduler/tsconfig.json
[NX v20.8.4 Daemon Server] - 2026-07-23T13:22:22.023Z - [REQUEST]: 
[NX v20.8.4 Daemon Server] - 2026-07-23T13:22:22.030Z - Time taken for 'hash changed files from watcher' 0.911999999996624ms
[NX v20.8.4 Daemon Server] - 2026-07-23T13:22:22.074Z - Time taken for 'build-project-configs' 33.01719999999477ms
[NX v20.8.4 Daemon Server] - 2026-07-23T13:22:22.290Z - [SYNC]: collect registered sync generators
[NX v20.8.4 Daemon Server] - 2026-07-23T13:22:22.292Z - [SYNC]: project graph hash is the same, not collecting task sync generators
[NX v20.8.4 Daemon Server] - 2026-07-23T13:22:22.292Z - [SYNC]: nx.json hash is the same, not collecting global sync generators
[NX v20.8.4 Daemon Server] - 2026-07-23T13:22:22.293Z - Time taken for 'total execution time for createProjectGraph()' 83.72260000000097ms
[NX v20.8.4 Daemon Server] - 2026-07-23T13:41:01.649Z - Started listening on: \\.\pipe\nx\C:\Users\yashk\AppData\Local\Temp\72e8141678d6eb23a7c7\d.sock
[NX v20.8.4 Daemon Server] - 2026-07-23T13:41:01.652Z - [WATCHER]: Subscribed to changes within: E:\nexorra\Vargani App (native)
[NX v20.8.4 Daemon Server] - 2026-07-23T13:41:01.657Z - Established a connection. Number of open connections: 1
[NX v20.8.4 Daemon Server] - 2026-07-23T13:41:01.660Z - Closed a connection. Number of open connections: 0
[NX v20.8.4 Daemon Server] - 2026-07-23T13:41:01.661Z - Established a connection. Number of open connections: 1
[NX v20.8.4 Daemon Server] - 2026-07-23T13:41:01.663Z - [REQUEST]: Client Request for Project Graph Received
[NX v20.8.4 Daemon Server] - 2026-07-23T13:41:01.701Z - Time taken for 'loadSpecifiedNxPlugins' 2.5982999999999947ms
[NX v20.8.4 Daemon Server] - 2026-07-23T13:41:02.247Z - Time taken for 'Load Nx Plugin: E:\nexorra\Vargani App\node_modules\.pnpm\nx@20.8.4_debug@4.4.3_suppo_7b09a99fee7e589a69cf24eb4808fe70\node_modules\nx\src\plugins\package-json' 581.9373999999999ms
[NX v20.8.4 Daemon Server] - 2026-07-23T13:41:02.262Z - Time taken for 'Load Nx Plugin: E:\nexorra\Vargani App\node_modules\.pnpm\nx@20.8.4_debug@4.4.3_suppo_7b09a99fee7e589a69cf24eb4808fe70\node_modules\nx\src\plugins\project-json\build-nodes\project-json' 595.7699ms
[NX v20.8.4 Daemon Server] - 2026-07-23T13:41:02.268Z - [REQUEST]: Updated workspace context based on watched changes, recomputing project graph...
[NX v20.8.4 Daemon Server] - 2026-07-23T13:41:02.268Z - [REQUEST]: 
[NX v20.8.4 Daemon Server] - 2026-07-23T13:41:02.268Z - [REQUEST]: 
[NX v20.8.4 Daemon Server] - 2026-07-23T13:41:02.276Z - Time taken for 'loadDefaultNxPlugins' 603.7138000000001ms
'pnpm' is not recognized as an internal or external command,
operable program or batch file.
[NX v20.8.4 Daemon Server] - 2026-07-23T13:41:02.418Z - Time taken for 'build-project-configs' 123.52040000000011ms
[NX v20.8.4 Daemon Server] - 2026-07-23T13:41:02.487Z - [SYNC]: collect registered sync generators
[NX v20.8.4 Daemon Server] - 2026-07-23T13:41:02.488Z - [REQUEST]: Responding to the client. project-graph
[NX v20.8.4 Daemon Server] - 2026-07-23T13:41:02.489Z - Time taken for 'total for creating and serializing project graph' 825.3909999999998ms
[NX v20.8.4 Daemon Server] - 2026-07-23T13:41:02.490Z - Done responding to the client project-graph
[NX v20.8.4 Daemon Server] - 2026-07-23T13:41:02.490Z - Handled REQUEST_PROJECT_GRAPH. Handling time: 825. Response time: 2.
[NX v20.8.4 Daemon Server] - 2026-07-23T13:41:02.500Z - [REQUEST]: Responding to the client. handleRunPreTasksExecution
[NX v20.8.4 Daemon Server] - 2026-07-23T13:41:02.500Z - Time taken for 'preTasksExecution' 1.0072000000000116ms
[NX v20.8.4 Daemon Server] - 2026-07-23T13:41:02.501Z - Done responding to the client handleRunPreTasksExecution
[NX v20.8.4 Daemon Server] - 2026-07-23T13:41:02.501Z - Handled PRE_TASKS_EXECUTION. Handling time: 1. Response time: 1.
[NX v20.8.4 Daemon Server] - 2026-07-23T13:41:02.584Z - [REQUEST]: Responding to the client. handleHashTasks
[NX v20.8.4 Daemon Server] - 2026-07-23T13:41:02.586Z - Done responding to the client handleHashTasks
[NX v20.8.4 Daemon Server] - 2026-07-23T13:41:02.586Z - Handled HASH_TASKS. Handling time: 22. Response time: 2.
[NX v20.8.4 Daemon Server] - 2026-07-23T13:41:02.717Z - [REQUEST]: Responding to the client. handleGetEstimatedTaskTimings
[NX v20.8.4 Daemon Server] - 2026-07-23T13:41:02.718Z - Done responding to the client handleGetEstimatedTaskTimings
[NX v20.8.4 Daemon Server] - 2026-07-23T13:41:02.719Z - Handled GET_ESTIMATED_TASK_TIMINGS. Handling time: 5. Response time: 2.
[NX v20.8.4 Daemon Server] - 2026-07-23T13:41:03.421Z - [REQUEST]: Responding to the client. recordOutputsHash
[NX v20.8.4 Daemon Server] - 2026-07-23T13:41:03.422Z - Done responding to the client recordOutputsHash
[NX v20.8.4 Daemon Server] - 2026-07-23T13:41:03.422Z - Handled RECORD_OUTPUTS_HASH. Handling time: 1. Response time: 1.
[NX v20.8.4 Daemon Server] - 2026-07-23T13:41:03.436Z - [REQUEST]: Responding to the client. recordOutputsHash
[NX v20.8.4 Daemon Server] - 2026-07-23T13:41:03.437Z - Done responding to the client recordOutputsHash
[NX v20.8.4 Daemon Server] - 2026-07-23T13:41:03.437Z - Handled RECORD_OUTPUTS_HASH. Handling time: 0. Response time: 1.
[NX v20.8.4 Daemon Server] - 2026-07-23T13:41:03.448Z - [REQUEST]: Responding to the client. recordOutputsHash
[NX v20.8.4 Daemon Server] - 2026-07-23T13:41:03.449Z - Done responding to the client recordOutputsHash
[NX v20.8.4 Daemon Server] - 2026-07-23T13:41:03.449Z - Handled RECORD_OUTPUTS_HASH. Handling time: 1. Response time: 1.
[NX v20.8.4 Daemon Server] - 2026-07-23T13:41:04.124Z - [REQUEST]: Responding to the client. recordOutputsHash
[NX v20.8.4 Daemon Server] - 2026-07-23T13:41:04.125Z - Done responding to the client recordOutputsHash
[NX v20.8.4 Daemon Server] - 2026-07-23T13:41:04.125Z - Handled RECORD_OUTPUTS_HASH. Handling time: 0. Response time: 1.
[NX v20.8.4 Daemon Server] - 2026-07-23T13:41:04.139Z - [REQUEST]: Responding to the client. recordOutputsHash
[NX v20.8.4 Daemon Server] - 2026-07-23T13:41:04.139Z - Done responding to the client recordOutputsHash
[NX v20.8.4 Daemon Server] - 2026-07-23T13:41:04.139Z - Handled RECORD_OUTPUTS_HASH. Handling time: 1. Response time: 0.
[NX v20.8.4 Daemon Server] - 2026-07-23T13:41:04.148Z - [REQUEST]: Responding to the client. recordOutputsHash
[NX v20.8.4 Daemon Server] - 2026-07-23T13:41:04.149Z - Done responding to the client recordOutputsHash
[NX v20.8.4 Daemon Server] - 2026-07-23T13:41:04.150Z - Handled RECORD_OUTPUTS_HASH. Handling time: 0. Response time: 2.
[NX v20.8.4 Daemon Server] - 2026-07-23T13:41:04.544Z - [REQUEST]: Responding to the client. handleRecordTaskRuns
[NX v20.8.4 Daemon Server] - 2026-07-23T13:41:04.547Z - Done responding to the client handleRecordTaskRuns
[NX v20.8.4 Daemon Server] - 2026-07-23T13:41:04.548Z - Handled RECORD_TASK_RUNS. Handling time: 391. Response time: 4.
[NX v20.8.4 Daemon Server] - 2026-07-23T13:41:04.553Z - [REQUEST]: Responding to the client. handleGetFlakyTasks
[NX v20.8.4 Daemon Server] - 2026-07-23T13:41:04.556Z - Done responding to the client handleGetFlakyTasks
[NX v20.8.4 Daemon Server] - 2026-07-23T13:41:04.556Z - Handled GET_FLAKY_TASKS. Handling time: 2. Response time: 3.
[NX v20.8.4 Daemon Server] - 2026-07-23T13:41:04.737Z - [REQUEST]: Responding to the client. handleRunPostTasksExecution
[NX v20.8.4 Daemon Server] - 2026-07-23T13:41:04.737Z - Time taken for 'postTasksExecution' 0.49710000000004584ms
[NX v20.8.4 Daemon Server] - 2026-07-23T13:41:04.738Z - Done responding to the client handleRunPostTasksExecution
[NX v20.8.4 Daemon Server] - 2026-07-23T13:41:04.738Z - Handled POST_TASKS_EXECUTION. Handling time: 1. Response time: 1.
[NX v20.8.4 Daemon Server] - 2026-07-23T13:41:04.743Z - Closed a connection. Number of open connections: 0
[NX v20.8.4 Daemon Server] - 2026-07-23T13:41:44.055Z - [WATCHER]: Processing file changes in outputs
[NX v20.8.4 Daemon Server] - 2026-07-23T13:43:01.878Z - [WATCHER]: Processing file changes in outputs
[NX v20.8.4 Daemon Server] - 2026-07-23T13:43:01.880Z - [WATCHER]: apps/mobile/lib/app/router.dart.tmp.24124.9d6ea4420d61 was modified
[NX v20.8.4 Daemon Server] - 2026-07-23T13:43:01.970Z - [WATCHER]: Processing file changes in outputs
[NX v20.8.4 Daemon Server] - 2026-07-23T13:43:01.972Z - [WATCHER]: 1 file(s) created or restored, 0 file(s) modified, 1 file(s) deleted
[NX v20.8.4 Daemon Server] - 2026-07-23T13:43:02.020Z - [REQUEST]: Updated workspace context based on watched changes, recomputing project graph...
[NX v20.8.4 Daemon Server] - 2026-07-23T13:43:02.020Z - [REQUEST]: apps/mobile/lib/app/router.dart
[NX v20.8.4 Daemon Server] - 2026-07-23T13:43:02.020Z - [REQUEST]: apps/mobile/lib/app/router.dart.tmp.24124.9d6ea4420d61
[NX v20.8.4 Daemon Server] - 2026-07-23T13:43:02.024Z - Time taken for 'hash changed files from watcher' 0.6383000000059837ms
[NX v20.8.4 Daemon Server] - 2026-07-23T13:43:02.050Z - Time taken for 'build-project-configs' 19.637799999996787ms
[NX v20.8.4 Daemon Server] - 2026-07-23T13:43:02.095Z - [SYNC]: collect registered sync generators
[NX v20.8.4 Daemon Server] - 2026-07-23T13:43:02.096Z - [SYNC]: project graph hash is the same, not collecting task sync generators
[NX v20.8.4 Daemon Server] - 2026-07-23T13:43:02.096Z - [SYNC]: nx.json hash is the same, not collecting global sync generators
[NX v20.8.4 Daemon Server] - 2026-07-23T13:43:02.096Z - Time taken for 'total execution time for createProjectGraph()' 31.541299999997136ms
[NX v20.8.4 Daemon Server] - 2026-07-23T13:43:10.040Z - [WATCHER]: Processing file changes in outputs
[NX v20.8.4 Daemon Server] - 2026-07-23T13:43:10.041Z - [WATCHER]: apps/mobile/lib/app/home_screen.dart.tmp.24124.7f218d989dbd was modified
[NX v20.8.4 Daemon Server] - 2026-07-23T13:43:10.150Z - [WATCHER]: Processing file changes in outputs
[NX v20.8.4 Daemon Server] - 2026-07-23T13:43:10.151Z - [WATCHER]: 1 file(s) created or restored, 0 file(s) modified, 1 file(s) deleted
[NX v20.8.4 Daemon Server] - 2026-07-23T13:43:10.245Z - [REQUEST]: Updated workspace context based on watched changes, recomputing project graph...
[NX v20.8.4 Daemon Server] - 2026-07-23T13:43:10.245Z - [REQUEST]: apps/mobile/lib/app/home_screen.dart
[NX v20.8.4 Daemon Server] - 2026-07-23T13:43:10.245Z - [REQUEST]: apps/mobile/lib/app/home_screen.dart.tmp.24124.7f218d989dbd
[NX v20.8.4 Daemon Server] - 2026-07-23T13:43:10.249Z - Time taken for 'hash changed files from watcher' 0.6564999999973224ms
[NX v20.8.4 Daemon Server] - 2026-07-23T13:43:10.270Z - Time taken for 'build-project-configs' 16.910799999997835ms
[NX v20.8.4 Daemon Server] - 2026-07-23T13:43:10.308Z - [SYNC]: collect registered sync generators
[NX v20.8.4 Daemon Server] - 2026-07-23T13:43:10.308Z - [SYNC]: project graph hash is the same, not collecting task sync generators
[NX v20.8.4 Daemon Server] - 2026-07-23T13:43:10.309Z - [SYNC]: nx.json hash is the same, not collecting global sync generators
[NX v20.8.4 Daemon Server] - 2026-07-23T13:43:10.309Z - Time taken for 'total execution time for createProjectGraph()' 26.069600000002538ms
[NX v20.8.4 Daemon Server] - 2026-07-23T13:43:25.523Z - [WATCHER]: apps/mobile/lib/app/app.dart.tmp.24124.9b8149be3f6c was modified
[NX v20.8.4 Daemon Server] - 2026-07-23T13:43:25.524Z - [WATCHER]: Processing file changes in outputs
[NX v20.8.4 Daemon Server] - 2026-07-23T13:43:25.631Z - [WATCHER]: Processing file changes in outputs
[NX v20.8.4 Daemon Server] - 2026-07-23T13:43:25.632Z - [WATCHER]: 1 file(s) created or restored, 0 file(s) modified, 1 file(s) deleted
[NX v20.8.4 Daemon Server] - 2026-07-23T13:43:25.726Z - [REQUEST]: Updated workspace context based on watched changes, recomputing project graph...
[NX v20.8.4 Daemon Server] - 2026-07-23T13:43:25.726Z - [REQUEST]: apps/mobile/lib/app/app.dart
[NX v20.8.4 Daemon Server] - 2026-07-23T13:43:25.726Z - [REQUEST]: apps/mobile/lib/app/app.dart.tmp.24124.9b8149be3f6c
[NX v20.8.4 Daemon Server] - 2026-07-23T13:43:25.730Z - Time taken for 'hash changed files from watcher' 0.662400000001071ms
[NX v20.8.4 Daemon Server] - 2026-07-23T13:43:25.755Z - Time taken for 'build-project-configs' 19.92149999999674ms
[NX v20.8.4 Daemon Server] - 2026-07-23T13:43:25.834Z - [SYNC]: collect registered sync generators
[NX v20.8.4 Daemon Server] - 2026-07-23T13:43:25.835Z - [SYNC]: project graph hash is the same, not collecting task sync generators
[NX v20.8.4 Daemon Server] - 2026-07-23T13:43:25.836Z - [SYNC]: nx.json hash is the same, not collecting global sync generators
[NX v20.8.4 Daemon Server] - 2026-07-23T13:43:25.836Z - Time taken for 'total execution time for createProjectGraph()' 48.02030000000377ms
[NX v20.8.4 Daemon Server] - 2026-07-23T13:43:41.164Z - [WATCHER]: Processing file changes in outputs
[NX v20.8.4 Daemon Server] - 2026-07-23T13:43:41.165Z - [WATCHER]: apps/mobile/test/app_test.dart.tmp.24124.191aee2552f1 was modified
[NX v20.8.4 Daemon Server] - 2026-07-23T13:43:41.275Z - [WATCHER]: 1 file(s) created or restored, 0 file(s) modified, 1 file(s) deleted
[NX v20.8.4 Daemon Server] - 2026-07-23T13:43:41.275Z - [WATCHER]: Processing file changes in outputs
[NX v20.8.4 Daemon Server] - 2026-07-23T13:43:41.417Z - [REQUEST]: Updated workspace context based on watched changes, recomputing project graph...
[NX v20.8.4 Daemon Server] - 2026-07-23T13:43:41.417Z - [REQUEST]: apps/mobile/test/app_test.dart
[NX v20.8.4 Daemon Server] - 2026-07-23T13:43:41.417Z - [REQUEST]: apps/mobile/test/app_test.dart.tmp.24124.191aee2552f1
[NX v20.8.4 Daemon Server] - 2026-07-23T13:43:41.421Z - Time taken for 'hash changed files from watcher' 0.6266000000177883ms
[NX v20.8.4 Daemon Server] - 2026-07-23T13:43:41.442Z - Time taken for 'build-project-configs' 17.099299999972573ms
[NX v20.8.4 Daemon Server] - 2026-07-23T13:43:41.482Z - [SYNC]: collect registered sync generators
[NX v20.8.4 Daemon Server] - 2026-07-23T13:43:41.483Z - [SYNC]: project graph hash is the same, not collecting task sync generators
[NX v20.8.4 Daemon Server] - 2026-07-23T13:43:41.483Z - [SYNC]: nx.json hash is the same, not collecting global sync generators
[NX v20.8.4 Daemon Server] - 2026-07-23T13:43:41.484Z - Time taken for 'total execution time for createProjectGraph()' 28.65710000001127ms
[NX v20.8.4 Daemon Server] - 2026-07-23T13:43:51.160Z - [WATCHER]: Processing file changes in outputs
[NX v20.8.4 Daemon Server] - 2026-07-23T13:43:51.161Z - [WATCHER]: infrastructure/helm/pauti-pustak/templates/service.yaml.tmp.24124.f735baaab063 was modified
[NX v20.8.4 Daemon Server] - 2026-07-23T13:43:51.474Z - [WATCHER]: Processing file changes in outputs
[NX v20.8.4 Daemon Server] - 2026-07-23T13:43:51.475Z - [WATCHER]: 1 file(s) created or restored, 0 file(s) modified, 1 file(s) deleted
[NX v20.8.4 Daemon Server] - 2026-07-23T13:43:51.614Z - [REQUEST]: Updated workspace context based on watched changes, recomputing project graph...
[NX v20.8.4 Daemon Server] - 2026-07-23T13:43:51.614Z - [REQUEST]: infrastructure/helm/pauti-pustak/templates/service.yaml
[NX v20.8.4 Daemon Server] - 2026-07-23T13:43:51.614Z - [REQUEST]: infrastructure/helm/pauti-pustak/templates/service.yaml.tmp.24124.f735baaab063
[NX v20.8.4 Daemon Server] - 2026-07-23T13:43:51.622Z - Time taken for 'hash changed files from watcher' 1.1193000000203028ms
[NX v20.8.4 Daemon Server] - 2026-07-23T13:43:51.645Z - Time taken for 'build-project-configs' 20.901899999997113ms
[NX v20.8.4 Daemon Server] - 2026-07-23T13:43:51.680Z - [SYNC]: collect registered sync generators
[NX v20.8.4 Daemon Server] - 2026-07-23T13:43:51.681Z - [SYNC]: project graph hash is the same, not collecting task sync generators
[NX v20.8.4 Daemon Server] - 2026-07-23T13:43:51.681Z - [SYNC]: nx.json hash is the same, not collecting global sync generators
[NX v20.8.4 Daemon Server] - 2026-07-23T13:43:51.681Z - Time taken for 'total execution time for createProjectGraph()' 25.169099999999162ms
[NX v20.8.4 Daemon Server] - 2026-07-23T13:44:14.153Z - [WATCHER]: 1 file(s) created or restored, 0 file(s) modified, 1 file(s) deleted
[NX v20.8.4 Daemon Server] - 2026-07-23T13:44:14.154Z - [WATCHER]: Processing file changes in outputs
[NX v20.8.4 Daemon Server] - 2026-07-23T13:44:14.254Z - [REQUEST]: Updated workspace context based on watched changes, recomputing project graph...
[NX v20.8.4 Daemon Server] - 2026-07-23T13:44:14.254Z - [REQUEST]: README.md
[NX v20.8.4 Daemon Server] - 2026-07-23T13:44:14.254Z - [REQUEST]: README.md.tmp.24124.11ecdce9ed91
[NX v20.8.4 Daemon Server] - 2026-07-23T13:44:14.258Z - Time taken for 'hash changed files from watcher' 0.646999999997206ms
[NX v20.8.4 Daemon Server] - 2026-07-23T13:44:14.278Z - Time taken for 'build-project-configs' 15.86219999997411ms
[NX v20.8.4 Daemon Server] - 2026-07-23T13:44:14.315Z - [SYNC]: collect registered sync generators
[NX v20.8.4 Daemon Server] - 2026-07-23T13:44:14.316Z - [SYNC]: project graph hash is the same, not collecting task sync generators
[NX v20.8.4 Daemon Server] - 2026-07-23T13:44:14.316Z - [SYNC]: nx.json hash is the same, not collecting global sync generators
[NX v20.8.4 Daemon Server] - 2026-07-23T13:44:14.317Z - Time taken for 'total execution time for createProjectGraph()' 25.56180000002496ms
[NX v20.8.4 Daemon Server] - 2026-07-23T13:44:30.999Z - [WATCHER]: Processing file changes in outputs
[NX v20.8.4 Daemon Server] - 2026-07-23T13:44:31.000Z - [WATCHER]: ERP-PLANNING/implementation-roadmap/TASK-BACKLOG.csv.tmp.24124.8df88fbc309b was modified
[NX v20.8.4 Daemon Server] - 2026-07-23T13:44:31.110Z - [WATCHER]: 1 file(s) created or restored, 0 file(s) modified, 1 file(s) deleted
[NX v20.8.4 Daemon Server] - 2026-07-23T13:44:31.110Z - [WATCHER]: Processing file changes in outputs
[NX v20.8.4 Daemon Server] - 2026-07-23T13:44:31.205Z - [REQUEST]: Updated workspace context based on watched changes, recomputing project graph...
[NX v20.8.4 Daemon Server] - 2026-07-23T13:44:31.205Z - [REQUEST]: ERP-PLANNING/implementation-roadmap/TASK-BACKLOG.csv
[NX v20.8.4 Daemon Server] - 2026-07-23T13:44:31.205Z - [REQUEST]: ERP-PLANNING/implementation-roadmap/TASK-BACKLOG.csv.tmp.24124.8df88fbc309b
[NX v20.8.4 Daemon Server] - 2026-07-23T13:44:31.209Z - Time taken for 'hash changed files from watcher' 0.6808000000019092ms
[NX v20.8.4 Daemon Server] - 2026-07-23T13:44:31.230Z - Time taken for 'build-project-configs' 15.97819999998319ms
[NX v20.8.4 Daemon Server] - 2026-07-23T13:44:31.266Z - [SYNC]: collect registered sync generators
[NX v20.8.4 Daemon Server] - 2026-07-23T13:44:31.267Z - [SYNC]: project graph hash is the same, not collecting task sync generators
[NX v20.8.4 Daemon Server] - 2026-07-23T13:44:31.267Z - [SYNC]: nx.json hash is the same, not collecting global sync generators
[NX v20.8.4 Daemon Server] - 2026-07-23T13:44:31.267Z - Time taken for 'total execution time for createProjectGraph()' 24.72849999999744ms
[NX v20.8.4 Daemon Server] - 2026-07-23T13:45:15.732Z - [WATCHER]: ERP-PLANNING/architecture/FOLDER-STRUCTURE-REPORT.md.tmp.24124.80f65c423f00 was modified
[NX v20.8.4 Daemon Server] - 2026-07-23T13:45:15.732Z - [WATCHER]: Processing file changes in outputs
[NX v20.8.4 Daemon Server] - 2026-07-23T13:45:15.938Z - [REQUEST]: Updated workspace context based on watched changes, recomputing project graph...
[NX v20.8.4 Daemon Server] - 2026-07-23T13:45:15.939Z - [REQUEST]: ERP-PLANNING/architecture/FOLDER-STRUCTURE-REPORT.md.tmp.24124.80f65c423f00
[NX v20.8.4 Daemon Server] - 2026-07-23T13:45:15.939Z - [REQUEST]: 
[NX v20.8.4 Daemon Server] - 2026-07-23T13:45:15.941Z - Time taken for 'hash changed files from watcher' 0.9461000000010245ms
[NX v20.8.4 Daemon Server] - 2026-07-23T13:45:15.960Z - Time taken for 'build-project-configs' 14.097299999993993ms
[NX v20.8.4 Daemon Server] - 2026-07-23T13:45:16.015Z - [SYNC]: collect registered sync generators
[NX v20.8.4 Daemon Server] - 2026-07-23T13:45:16.016Z - [SYNC]: project graph hash is the same, not collecting task sync generators
[NX v20.8.4 Daemon Server] - 2026-07-23T13:45:16.017Z - [SYNC]: nx.json hash is the same, not collecting global sync generators
[NX v20.8.4 Daemon Server] - 2026-07-23T13:45:16.017Z - Time taken for 'total execution time for createProjectGraph()' 36.48399999999674ms
[NX v20.8.4 Daemon Server] - 2026-07-23T13:45:16.111Z - [WATCHER]: 1 file(s) created or restored, 0 file(s) modified, 1 file(s) deleted
[NX v20.8.4 Daemon Server] - 2026-07-23T13:45:16.112Z - [WATCHER]: Processing file changes in outputs
[NX v20.8.4 Daemon Server] - 2026-07-23T13:45:16.220Z - [REQUEST]: Updated workspace context based on watched changes, recomputing project graph...
[NX v20.8.4 Daemon Server] - 2026-07-23T13:45:16.220Z - [REQUEST]: ERP-PLANNING/architecture/FOLDER-STRUCTURE-REPORT.md
[NX v20.8.4 Daemon Server] - 2026-07-23T13:45:16.220Z - [REQUEST]: ERP-PLANNING/architecture/FOLDER-STRUCTURE-REPORT.md.tmp.24124.80f65c423f00
[NX v20.8.4 Daemon Server] - 2026-07-23T13:45:16.226Z - Time taken for 'hash changed files from watcher' 0.5616999999911059ms
[NX v20.8.4 Daemon Server] - 2026-07-23T13:45:16.246Z - Time taken for 'build-project-configs' 16.801399999996647ms
[NX v20.8.4 Daemon Server] - 2026-07-23T13:45:16.290Z - [SYNC]: collect registered sync generators
[NX v20.8.4 Daemon Server] - 2026-07-23T13:45:16.291Z - [SYNC]: project graph hash is the same, not collecting task sync generators
[NX v20.8.4 Daemon Server] - 2026-07-23T13:45:16.291Z - [SYNC]: nx.json hash is the same, not collecting global sync generators
[NX v20.8.4 Daemon Server] - 2026-07-23T13:45:16.291Z - Time taken for 'total execution time for createProjectGraph()' 30.010599999979604ms
[NX v20.8.4 Daemon Server] - 2026-07-23T13:50:48.717Z - [WATCHER]: Processing file changes in outputs
[NX v20.8.4 Daemon Server] - 2026-07-23T13:50:48.719Z - [WATCHER]: packages/backend-security/src/auth.interfaces.ts.tmp.24124.05df7a397d6f was modified
[NX v20.8.4 Daemon Server] - 2026-07-23T13:50:48.812Z - [WATCHER]: Processing file changes in outputs
[NX v20.8.4 Daemon Server] - 2026-07-23T13:50:48.813Z - [WATCHER]: 1 file(s) created or restored, 0 file(s) modified, 1 file(s) deleted
[NX v20.8.4 Daemon Server] - 2026-07-23T13:50:48.921Z - [REQUEST]: Updated workspace context based on watched changes, recomputing project graph...
[NX v20.8.4 Daemon Server] - 2026-07-23T13:50:48.922Z - [REQUEST]: packages/backend-security/src/auth.interfaces.ts
[NX v20.8.4 Daemon Server] - 2026-07-23T13:50:48.922Z - [REQUEST]: packages/backend-security/src/auth.interfaces.ts.tmp.24124.05df7a397d6f
[NX v20.8.4 Daemon Server] - 2026-07-23T13:50:48.926Z - Time taken for 'hash changed files from watcher' 0.7839000000385568ms
[NX v20.8.4 Daemon Server] - 2026-07-23T13:50:48.952Z - Time taken for 'build-project-configs' 21.274800000013784ms
[NX v20.8.4 Daemon Server] - 2026-07-23T13:50:48.997Z - [SYNC]: collect registered sync generators
[NX v20.8.4 Daemon Server] - 2026-07-23T13:50:48.998Z - [SYNC]: project graph hash is the same, not collecting task sync generators
[NX v20.8.4 Daemon Server] - 2026-07-23T13:50:48.998Z - [SYNC]: nx.json hash is the same, not collecting global sync generators
[NX v20.8.4 Daemon Server] - 2026-07-23T13:50:48.998Z - Time taken for 'total execution time for createProjectGraph()' 33.35759999998845ms
[NX v20.8.4 Daemon Server] - 2026-07-23T13:51:10.109Z - [WATCHER]: packages/backend-security/src/rbac.guards.ts.tmp.24124.b3fa97f6cbf1 was modified
[NX v20.8.4 Daemon Server] - 2026-07-23T13:51:10.109Z - [WATCHER]: Processing file changes in outputs
[NX v20.8.4 Daemon Server] - 2026-07-23T13:51:10.314Z - [REQUEST]: Updated workspace context based on watched changes, recomputing project graph...
[NX v20.8.4 Daemon Server] - 2026-07-23T13:51:10.314Z - [REQUEST]: packages/backend-security/src/rbac.guards.ts.tmp.24124.b3fa97f6cbf1
[NX v20.8.4 Daemon Server] - 2026-07-23T13:51:10.314Z - [REQUEST]: 
[NX v20.8.4 Daemon Server] - 2026-07-23T13:51:10.318Z - Time taken for 'hash changed files from watcher' 1.396500000031665ms
[NX v20.8.4 Daemon Server] - 2026-07-23T13:51:10.348Z - Time taken for 'build-project-configs' 22.534400000004098ms
[NX v20.8.4 Daemon Server] - 2026-07-23T13:51:10.392Z - [SYNC]: collect registered sync generators
[NX v20.8.4 Daemon Server] - 2026-07-23T13:51:10.393Z - [SYNC]: project graph hash is the same, not collecting task sync generators
[NX v20.8.4 Daemon Server] - 2026-07-23T13:51:10.394Z - [SYNC]: nx.json hash is the same, not collecting global sync generators
[NX v20.8.4 Daemon Server] - 2026-07-23T13:51:10.394Z - Time taken for 'total execution time for createProjectGraph()' 34.908600000082515ms
[NX v20.8.4 Daemon Server] - 2026-07-23T13:51:10.421Z - [WATCHER]: Processing file changes in outputs
[NX v20.8.4 Daemon Server] - 2026-07-23T13:51:10.422Z - [WATCHER]: 1 file(s) created or restored, 0 file(s) modified, 1 file(s) deleted
[NX v20.8.4 Daemon Server] - 2026-07-23T13:51:10.525Z - [REQUEST]: Updated workspace context based on watched changes, recomputing project graph...
[NX v20.8.4 Daemon Server] - 2026-07-23T13:51:10.525Z - [REQUEST]: packages/backend-security/src/rbac.guards.ts
[NX v20.8.4 Daemon Server] - 2026-07-23T13:51:10.525Z - [REQUEST]: packages/backend-security/src/rbac.guards.ts.tmp.24124.b3fa97f6cbf1
[NX v20.8.4 Daemon Server] - 2026-07-23T13:51:10.533Z - Time taken for 'hash changed files from watcher' 1.749599999981001ms
[NX v20.8.4 Daemon Server] - 2026-07-23T13:51:10.560Z - Time taken for 'build-project-configs' 26.72080000001006ms
[NX v20.8.4 Daemon Server] - 2026-07-23T13:51:10.605Z - [SYNC]: collect registered sync generators
[NX v20.8.4 Daemon Server] - 2026-07-23T13:51:10.606Z - [SYNC]: project graph hash is the same, not collecting task sync generators
[NX v20.8.4 Daemon Server] - 2026-07-23T13:51:10.606Z - [SYNC]: nx.json hash is the same, not collecting global sync generators
[NX v20.8.4 Daemon Server] - 2026-07-23T13:51:10.606Z - Time taken for 'total execution time for createProjectGraph()' 32.90850000001956ms
[NX v20.8.4 Daemon Server] - 2026-07-23T13:51:47.604Z - [WATCHER]: Processing file changes in outputs
[NX v20.8.4 Daemon Server] - 2026-07-23T13:51:47.605Z - [WATCHER]: packages/backend-security/package.json.tmp.24124.b37b025c63e4 was modified
[NX v20.8.4 Daemon Server] - 2026-07-23T13:51:47.997Z - [WATCHER]: 1 file(s) created or restored, 0 file(s) modified, 1 file(s) deleted
[NX v20.8.4 Daemon Server] - 2026-07-23T13:51:47.997Z - [WATCHER]: Processing file changes in outputs
[NX v20.8.4 Daemon Server] - 2026-07-23T13:51:48.151Z - [REQUEST]: Updated workspace context based on watched changes, recomputing project graph...
[NX v20.8.4 Daemon Server] - 2026-07-23T13:51:48.151Z - [REQUEST]: packages/backend-security/package.json
[NX v20.8.4 Daemon Server] - 2026-07-23T13:51:48.151Z - [REQUEST]: packages/backend-security/package.json.tmp.24124.b37b025c63e4
[NX v20.8.4 Daemon Server] - 2026-07-23T13:51:48.155Z - Time taken for 'hash changed files from watcher' 0.6304000000236556ms
[NX v20.8.4 Daemon Server] - 2026-07-23T13:51:48.177Z - Time taken for 'build-project-configs' 16.93859999999404ms
[NX v20.8.4 Daemon Server] - 2026-07-23T13:51:48.242Z - [SYNC]: collect registered sync generators
[NX v20.8.4 Daemon Server] - 2026-07-23T13:51:48.243Z - [SYNC]: project graph hash is the same, not collecting task sync generators
[NX v20.8.4 Daemon Server] - 2026-07-23T13:51:48.243Z - [SYNC]: nx.json hash is the same, not collecting global sync generators
[NX v20.8.4 Daemon Server] - 2026-07-23T13:51:48.243Z - Time taken for 'total execution time for createProjectGraph()' 52.51939999999013ms
[NX v20.8.4 Daemon Server] - 2026-07-23T13:51:57.192Z - [WATCHER]: Processing file changes in outputs
[NX v20.8.4 Daemon Server] - 2026-07-23T13:51:57.193Z - [WATCHER]: packages/backend-security/src/permission.guard.ts.tmp.24124.6eb6af7b69eb was modified
[NX v20.8.4 Daemon Server] - 2026-07-23T13:51:57.287Z - [WATCHER]: Processing file changes in outputs
[NX v20.8.4 Daemon Server] - 2026-07-23T13:51:57.288Z - [WATCHER]: 1 file(s) created or restored, 0 file(s) modified, 1 file(s) deleted
[NX v20.8.4 Daemon Server] - 2026-07-23T13:51:57.398Z - [REQUEST]: Updated workspace context based on watched changes, recomputing project graph...
[NX v20.8.4 Daemon Server] - 2026-07-23T13:51:57.398Z - [REQUEST]: packages/backend-security/src/permission.guard.ts
[NX v20.8.4 Daemon Server] - 2026-07-23T13:51:57.398Z - [REQUEST]: packages/backend-security/src/permission.guard.ts.tmp.24124.6eb6af7b69eb
[NX v20.8.4 Daemon Server] - 2026-07-23T13:51:57.402Z - Time taken for 'hash changed files from watcher' 0.689600000041537ms
[NX v20.8.4 Daemon Server] - 2026-07-23T13:51:57.424Z - Time taken for 'build-project-configs' 17.28489999996964ms
[NX v20.8.4 Daemon Server] - 2026-07-23T13:51:57.470Z - [SYNC]: collect registered sync generators
[NX v20.8.4 Daemon Server] - 2026-07-23T13:51:57.470Z - [SYNC]: project graph hash is the same, not collecting task sync generators
[NX v20.8.4 Daemon Server] - 2026-07-23T13:51:57.470Z - [SYNC]: nx.json hash is the same, not collecting global sync generators
[NX v20.8.4 Daemon Server] - 2026-07-23T13:51:57.471Z - Time taken for 'total execution time for createProjectGraph()' 33.30160000000615ms
[NX v20.8.4 Daemon Server] - 2026-07-23T13:52:11.186Z - [WATCHER]: Processing file changes in outputs
[NX v20.8.4 Daemon Server] - 2026-07-23T13:52:11.187Z - [WATCHER]: packages/backend-security/src/index.ts.tmp.24124.78f83dcec2d9 was modified
[NX v20.8.4 Daemon Server] - 2026-07-23T13:52:11.576Z - [WATCHER]: Processing file changes in outputs
[NX v20.8.4 Daemon Server] - 2026-07-23T13:52:11.578Z - [WATCHER]: 1 file(s) created or restored, 0 file(s) modified, 1 file(s) deleted
[NX v20.8.4 Daemon Server] - 2026-07-23T13:52:11.731Z - [REQUEST]: Updated workspace context based on watched changes, recomputing project graph...
[NX v20.8.4 Daemon Server] - 2026-07-23T13:52:11.731Z - [REQUEST]: packages/backend-security/src/index.ts
[NX v20.8.4 Daemon Server] - 2026-07-23T13:52:11.731Z - [REQUEST]: packages/backend-security/src/index.ts.tmp.24124.78f83dcec2d9
[NX v20.8.4 Daemon Server] - 2026-07-23T13:52:11.735Z - Time taken for 'hash changed files from watcher' 0.8273999999510124ms
[NX v20.8.4 Daemon Server] - 2026-07-23T13:52:11.756Z - Time taken for 'build-project-configs' 16.47960000007879ms
[NX v20.8.4 Daemon Server] - 2026-07-23T13:52:11.803Z - [SYNC]: collect registered sync generators
[NX v20.8.4 Daemon Server] - 2026-07-23T13:52:11.804Z - [SYNC]: project graph hash is the same, not collecting task sync generators
[NX v20.8.4 Daemon Server] - 2026-07-23T13:52:11.804Z - [SYNC]: nx.json hash is the same, not collecting global sync generators
[NX v20.8.4 Daemon Server] - 2026-07-23T13:52:11.804Z - Time taken for 'total execution time for createProjectGraph()' 35.11639999994077ms
[NX v20.8.4 Daemon Server] - 2026-07-23T13:52:39.762Z - [WATCHER]: 0 file(s) created or restored, 0 file(s) modified, 3 file(s) deleted
[NX v20.8.4 Daemon Server] - 2026-07-23T13:52:39.763Z - [WATCHER]: Processing file changes in outputs
[NX v20.8.4 Daemon Server] - 2026-07-23T13:52:39.972Z - [REQUEST]: Updated workspace context based on watched changes, recomputing project graph...
[NX v20.8.4 Daemon Server] - 2026-07-23T13:52:39.972Z - [REQUEST]: 
[NX v20.8.4 Daemon Server] - 2026-07-23T13:52:39.972Z - [REQUEST]: packages/backend-security/src/index.d.ts,packages/backend-security/src/auth.interfaces.d.ts,packages/backend-security/src/rbac.guards.d.ts
[NX v20.8.4 Daemon Server] - 2026-07-23T13:52:39.982Z - Time taken for 'hash changed files from watcher' 1.3445999999530613ms
[NX v20.8.4 Daemon Server] - 2026-07-23T13:52:40.015Z - Time taken for 'build-project-configs' 31.430799999972805ms
[NX v20.8.4 Daemon Server] - 2026-07-23T13:52:40.052Z - [SYNC]: collect registered sync generators
[NX v20.8.4 Daemon Server] - 2026-07-23T13:52:40.052Z - [SYNC]: project graph hash is the same, not collecting task sync generators
[NX v20.8.4 Daemon Server] - 2026-07-23T13:52:40.053Z - [SYNC]: nx.json hash is the same, not collecting global sync generators
[NX v20.8.4 Daemon Server] - 2026-07-23T13:52:40.053Z - Time taken for 'total execution time for createProjectGraph()' 25.575799999991432ms
[NX v20.8.4 Daemon Server] - 2026-07-23T13:52:48.445Z - [WATCHER]: packages/backend-testing/src/tenant-isolation.spec.ts.tmp.24124.d173d771c06a was modified
[NX v20.8.4 Daemon Server] - 2026-07-23T13:52:48.446Z - [WATCHER]: Processing file changes in outputs
[NX v20.8.4 Daemon Server] - 2026-07-23T13:52:48.555Z - [WATCHER]: 1 file(s) created or restored, 0 file(s) modified, 1 file(s) deleted
[NX v20.8.4 Daemon Server] - 2026-07-23T13:52:48.556Z - [WATCHER]: Processing file changes in outputs
[NX v20.8.4 Daemon Server] - 2026-07-23T13:52:48.853Z - [REQUEST]: Updated workspace context based on watched changes, recomputing project graph...
[NX v20.8.4 Daemon Server] - 2026-07-23T13:52:48.853Z - [REQUEST]: packages/backend-testing/src/tenant-isolation.spec.ts
[NX v20.8.4 Daemon Server] - 2026-07-23T13:52:48.853Z - [REQUEST]: packages/backend-testing/src/tenant-isolation.spec.ts.tmp.24124.d173d771c06a
[NX v20.8.4 Daemon Server] - 2026-07-23T13:52:48.856Z - Time taken for 'hash changed files from watcher' 0.621199999935925ms
[NX v20.8.4 Daemon Server] - 2026-07-23T13:52:48.877Z - Time taken for 'build-project-configs' 15.917299999971874ms
[NX v20.8.4 Daemon Server] - 2026-07-23T13:52:48.919Z - [SYNC]: collect registered sync generators
[NX v20.8.4 Daemon Server] - 2026-07-23T13:52:48.919Z - [SYNC]: project graph hash is the same, not collecting task sync generators
[NX v20.8.4 Daemon Server] - 2026-07-23T13:52:48.920Z - [SYNC]: nx.json hash is the same, not collecting global sync generators
[NX v20.8.4 Daemon Server] - 2026-07-23T13:52:48.920Z - Time taken for 'total execution time for createProjectGraph()' 32.09320000000298ms
[NX v20.8.4 Daemon Server] - 2026-07-23T13:53:02.870Z - [WATCHER]: Processing file changes in outputs
[NX v20.8.4 Daemon Server] - 2026-07-23T13:53:15.142Z - [WATCHER]: Processing file changes in outputs
[NX v20.8.4 Daemon Server] - 2026-07-23T13:53:37.917Z - [WATCHER]: Processing file changes in outputs
[NX v20.8.4 Daemon Server] - 2026-07-23T13:53:37.918Z - [WATCHER]: ERP-PLANNING/implementation-roadmap/TASK-BACKLOG.csv.tmp.24124.677895b96447 was modified
[NX v20.8.4 Daemon Server] - 2026-07-23T13:53:38.013Z - [WATCHER]: 1 file(s) created or restored, 0 file(s) modified, 1 file(s) deleted
[NX v20.8.4 Daemon Server] - 2026-07-23T13:53:38.013Z - [WATCHER]: Processing file changes in outputs
[NX v20.8.4 Daemon Server] - 2026-07-23T13:53:38.120Z - [REQUEST]: Updated workspace context based on watched changes, recomputing project graph...
[NX v20.8.4 Daemon Server] - 2026-07-23T13:53:38.120Z - [REQUEST]: ERP-PLANNING/implementation-roadmap/TASK-BACKLOG.csv
[NX v20.8.4 Daemon Server] - 2026-07-23T13:53:38.120Z - [REQUEST]: ERP-PLANNING/implementation-roadmap/TASK-BACKLOG.csv.tmp.24124.677895b96447
[NX v20.8.4 Daemon Server] - 2026-07-23T13:53:38.125Z - Time taken for 'hash changed files from watcher' 1.0944000000599772ms
[NX v20.8.4 Daemon Server] - 2026-07-23T13:53:38.151Z - Time taken for 'build-project-configs' 21.900399999925867ms
[NX v20.8.4 Daemon Server] - 2026-07-23T13:53:38.190Z - [SYNC]: collect registered sync generators
[NX v20.8.4 Daemon Server] - 2026-07-23T13:53:38.191Z - [SYNC]: project graph hash is the same, not collecting task sync generators
[NX v20.8.4 Daemon Server] - 2026-07-23T13:53:38.191Z - [SYNC]: nx.json hash is the same, not collecting global sync generators
[NX v20.8.4 Daemon Server] - 2026-07-23T13:53:38.191Z - Time taken for 'total execution time for createProjectGraph()' 28.072900000028312ms
[NX v20.8.4 Daemon Server] - 2026-07-23T13:53:57.128Z - [WATCHER]: Processing file changes in outputs
[NX v20.8.4 Daemon Server] - 2026-07-23T13:53:57.130Z - [WATCHER]: ERP-PLANNING/implementation-roadmap/TASK-BACKLOG.csv.tmp.24124.f449336d63b0 was modified
[NX v20.8.4 Daemon Server] - 2026-07-23T13:53:57.334Z - [REQUEST]: Updated workspace context based on watched changes, recomputing project graph...
[NX v20.8.4 Daemon Server] - 2026-07-23T13:53:57.449Z - [REQUEST]: ERP-PLANNING/implementation-roadmap/TASK-BACKLOG.csv.tmp.24124.f449336d63b0
[NX v20.8.4 Daemon Server] - 2026-07-23T13:53:57.450Z - [REQUEST]: 
[NX v20.8.4 Daemon Server] - 2026-07-23T13:53:57.461Z - Time taken for 'hash changed files from watcher' 1.2101000000257045ms
[NX v20.8.4 Daemon Server] - 2026-07-23T13:53:57.501Z - Time taken for 'build-project-configs' 37.86100000003353ms
[NX v20.8.4 Daemon Server] - 2026-07-23T13:53:57.506Z - [WATCHER]: 1 file(s) created or restored, 0 file(s) modified, 1 file(s) deleted
[NX v20.8.4 Daemon Server] - 2026-07-23T13:53:57.506Z - [WATCHER]: Processing file changes in outputs
[NX v20.8.4 Daemon Server] - 2026-07-23T13:53:57.539Z - [SYNC]: collect registered sync generators
[NX v20.8.4 Daemon Server] - 2026-07-23T13:53:57.540Z - [SYNC]: project graph hash is the same, not collecting task sync generators
[NX v20.8.4 Daemon Server] - 2026-07-23T13:53:57.540Z - [SYNC]: nx.json hash is the same, not collecting global sync generators
[NX v20.8.4 Daemon Server] - 2026-07-23T13:53:57.540Z - Time taken for 'total execution time for createProjectGraph()' 28.293399999965914ms
[NX v20.8.4 Daemon Server] - 2026-07-23T13:53:57.615Z - [REQUEST]: Updated workspace context based on watched changes, recomputing project graph...
[NX v20.8.4 Daemon Server] - 2026-07-23T13:53:57.615Z - [REQUEST]: ERP-PLANNING/implementation-roadmap/TASK-BACKLOG.csv
[NX v20.8.4 Daemon Server] - 2026-07-23T13:53:57.615Z - [REQUEST]: ERP-PLANNING/implementation-roadmap/TASK-BACKLOG.csv.tmp.24124.f449336d63b0
[NX v20.8.4 Daemon Server] - 2026-07-23T13:53:57.618Z - Time taken for 'hash changed files from watcher' 0.5277000000933185ms
[NX v20.8.4 Daemon Server] - 2026-07-23T13:53:57.639Z - Time taken for 'build-project-configs' 16.13850000000093ms
[NX v20.8.4 Daemon Server] - 2026-07-23T13:53:57.676Z - [SYNC]: collect registered sync generators
[NX v20.8.4 Daemon Server] - 2026-07-23T13:53:57.677Z - [SYNC]: project graph hash is the same, not collecting task sync generators
[NX v20.8.4 Daemon Server] - 2026-07-23T13:53:57.677Z - [SYNC]: nx.json hash is the same, not collecting global sync generators
[NX v20.8.4 Daemon Server] - 2026-07-23T13:53:57.678Z - Time taken for 'total execution time for createProjectGraph()' 24.298500000033528ms
[NX v20.8.4 Daemon Server] - 2026-07-23T13:54:29.976Z - [WATCHER]: ERP-PLANNING/architecture/FOLDER-STRUCTURE-REPORT.md.tmp.24124.a777189714f3 was modified
[NX v20.8.4 Daemon Server] - 2026-07-23T13:54:29.976Z - [WATCHER]: Processing file changes in outputs
[NX v20.8.4 Daemon Server] - 2026-07-23T13:54:30.180Z - [REQUEST]: Updated workspace context based on watched changes, recomputing project graph...
[NX v20.8.4 Daemon Server] - 2026-07-23T13:54:30.298Z - [REQUEST]: ERP-PLANNING/architecture/FOLDER-STRUCTURE-REPORT.md.tmp.24124.a777189714f3
[NX v20.8.4 Daemon Server] - 2026-07-23T13:54:30.298Z - [REQUEST]: 
[NX v20.8.4 Daemon Server] - 2026-07-23T13:54:30.314Z - Time taken for 'hash changed files from watcher' 2.1162000000476837ms
[NX v20.8.4 Daemon Server] - 2026-07-23T13:54:30.344Z - Time taken for 'build-project-configs' 32.64269999996759ms
[NX v20.8.4 Daemon Server] - 2026-07-23T13:54:30.382Z - [SYNC]: collect registered sync generators
[NX v20.8.4 Daemon Server] - 2026-07-23T13:54:30.383Z - [SYNC]: project graph hash is the same, not collecting task sync generators
[NX v20.8.4 Daemon Server] - 2026-07-23T13:54:30.384Z - [SYNC]: nx.json hash is the same, not collecting global sync generators
[NX v20.8.4 Daemon Server] - 2026-07-23T13:54:30.384Z - Time taken for 'total execution time for createProjectGraph()' 28.003499999991618ms
[NX v20.8.4 Daemon Server] - 2026-07-23T13:54:30.400Z - [WATCHER]: 1 file(s) created or restored, 0 file(s) modified, 1 file(s) deleted
[NX v20.8.4 Daemon Server] - 2026-07-23T13:54:30.400Z - [WATCHER]: Processing file changes in outputs
[NX v20.8.4 Daemon Server] - 2026-07-23T13:54:30.502Z - [REQUEST]: Updated workspace context based on watched changes, recomputing project graph...
[NX v20.8.4 Daemon Server] - 2026-07-23T13:54:30.502Z - [REQUEST]: ERP-PLANNING/architecture/FOLDER-STRUCTURE-REPORT.md
[NX v20.8.4 Daemon Server] - 2026-07-23T13:54:30.502Z - [REQUEST]: ERP-PLANNING/architecture/FOLDER-STRUCTURE-REPORT.md.tmp.24124.a777189714f3
[NX v20.8.4 Daemon Server] - 2026-07-23T13:54:30.509Z - Time taken for 'hash changed files from watcher' 1.6365000000223517ms
[NX v20.8.4 Daemon Server] - 2026-07-23T13:54:30.541Z - Time taken for 'build-project-configs' 29.29799999995157ms
[NX v20.8.4 Daemon Server] - 2026-07-23T13:54:30.579Z - [SYNC]: collect registered sync generators
[NX v20.8.4 Daemon Server] - 2026-07-23T13:54:30.580Z - [SYNC]: project graph hash is the same, not collecting task sync generators
[NX v20.8.4 Daemon Server] - 2026-07-23T13:54:30.580Z - [SYNC]: nx.json hash is the same, not collecting global sync generators
[NX v20.8.4 Daemon Server] - 2026-07-23T13:54:30.580Z - Time taken for 'total execution time for createProjectGraph()' 26.218299999949522ms
[NX v20.8.4 Daemon Server] - 2026-07-23T13:58:53.456Z - [WATCHER]: Processing file changes in outputs
[NX v20.8.4 Daemon Server] - 2026-07-23T13:58:53.457Z - [WATCHER]: AGENTS.md.tmp.24124.785bd144fb04 was modified
[NX v20.8.4 Daemon Server] - 2026-07-23T13:58:53.665Z - [REQUEST]: Updated workspace context based on watched changes, recomputing project graph...
[NX v20.8.4 Daemon Server] - 2026-07-23T13:58:53.665Z - [REQUEST]: AGENTS.md.tmp.24124.785bd144fb04
[NX v20.8.4 Daemon Server] - 2026-07-23T13:58:53.665Z - [REQUEST]: 
[NX v20.8.4 Daemon Server] - 2026-07-23T13:58:53.672Z - Time taken for 'hash changed files from watcher' 1.842600000090897ms
[NX v20.8.4 Daemon Server] - 2026-07-23T13:58:53.703Z - Time taken for 'build-project-configs' 26.71970000001602ms
[NX v20.8.4 Daemon Server] - 2026-07-23T13:58:53.738Z - [SYNC]: collect registered sync generators
[NX v20.8.4 Daemon Server] - 2026-07-23T13:58:53.739Z - [SYNC]: project graph hash is the same, not collecting task sync generators
[NX v20.8.4 Daemon Server] - 2026-07-23T13:58:53.739Z - [SYNC]: nx.json hash is the same, not collecting global sync generators
[NX v20.8.4 Daemon Server] - 2026-07-23T13:58:53.739Z - Time taken for 'total execution time for createProjectGraph()' 24.871600000187755ms
[NX v20.8.4 Daemon Server] - 2026-07-23T13:58:53.834Z - [WATCHER]: 1 file(s) created or restored, 0 file(s) modified, 1 file(s) deleted
[NX v20.8.4 Daemon Server] - 2026-07-23T13:58:53.834Z - [WATCHER]: Processing file changes in outputs
[NX v20.8.4 Daemon Server] - 2026-07-23T13:58:53.937Z - [REQUEST]: Updated workspace context based on watched changes, recomputing project graph...
[NX v20.8.4 Daemon Server] - 2026-07-23T13:58:53.937Z - [REQUEST]: AGENTS.md
[NX v20.8.4 Daemon Server] - 2026-07-23T13:58:53.937Z - [REQUEST]: AGENTS.md.tmp.24124.785bd144fb04
[NX v20.8.4 Daemon Server] - 2026-07-23T13:58:53.946Z - Time taken for 'hash changed files from watcher' 1.5619000000879169ms
[NX v20.8.4 Daemon Server] - 2026-07-23T13:58:53.966Z - Time taken for 'build-project-configs' 19.910200000042096ms
[NX v20.8.4 Daemon Server] - 2026-07-23T13:58:54.007Z - [SYNC]: collect registered sync generators
[NX v20.8.4 Daemon Server] - 2026-07-23T13:58:54.008Z - [SYNC]: project graph hash is the same, not collecting task sync generators
[NX v20.8.4 Daemon Server] - 2026-07-23T13:58:54.008Z - [SYNC]: nx.json hash is the same, not collecting global sync generators
[NX v20.8.4 Daemon Server] - 2026-07-23T13:58:54.009Z - Time taken for 'total execution time for createProjectGraph()' 28.114400000078604ms
[NX v20.8.4 Daemon Server] - 2026-07-23T14:03:07.148Z - [WATCHER]: packages/backend-testing/package.json.tmp.24124.496887a9ce7b was modified
[NX v20.8.4 Daemon Server] - 2026-07-23T14:03:07.457Z - [WATCHER]: Processing file changes in outputs
[NX v20.8.4 Daemon Server] - 2026-07-23T14:03:07.524Z - [WATCHER]: Processing file changes in outputs
[NX v20.8.4 Daemon Server] - 2026-07-23T14:03:07.527Z - [WATCHER]: 1 file(s) created or restored, 0 file(s) modified, 1 file(s) deleted
[NX v20.8.4 Daemon Server] - 2026-07-23T14:03:07.662Z - [REQUEST]: Updated workspace context based on watched changes, recomputing project graph...
[NX v20.8.4 Daemon Server] - 2026-07-23T14:03:07.662Z - [REQUEST]: packages/backend-testing/package.json
[NX v20.8.4 Daemon Server] - 2026-07-23T14:03:07.662Z - [REQUEST]: packages/backend-testing/package.json.tmp.24124.496887a9ce7b
[NX v20.8.4 Daemon Server] - 2026-07-23T14:03:07.675Z - Time taken for 'hash changed files from watcher' 1.8739999998360872ms
[NX v20.8.4 Daemon Server] - 2026-07-23T14:03:07.740Z - Time taken for 'build-project-configs' 54.263900000136346ms
[NX v20.8.4 Daemon Server] - 2026-07-23T14:03:07.810Z - [SYNC]: collect registered sync generators
[NX v20.8.4 Daemon Server] - 2026-07-23T14:03:07.811Z - [SYNC]: project graph hash is the same, not collecting task sync generators
[NX v20.8.4 Daemon Server] - 2026-07-23T14:03:07.811Z - [SYNC]: nx.json hash is the same, not collecting global sync generators
[NX v20.8.4 Daemon Server] - 2026-07-23T14:03:07.811Z - Time taken for 'total execution time for createProjectGraph()' 59.72839999990538ms
[NX v20.8.4 Daemon Server] - 2026-07-23T14:06:03.822Z - [WATCHER]: packages/backend-config/tsconfig.json.tmp.24124.b472bc615836 was modified
[NX v20.8.4 Daemon Server] - 2026-07-23T14:06:03.870Z - [WATCHER]: Processing file changes in outputs
[NX v20.8.4 Daemon Server] - 2026-07-23T14:06:03.930Z - [WATCHER]: Processing file changes in outputs
[NX v20.8.4 Daemon Server] - 2026-07-23T14:06:03.932Z - [WATCHER]: 1 file(s) created or restored, 0 file(s) modified, 1 file(s) deleted
[NX v20.8.4 Daemon Server] - 2026-07-23T14:06:04.074Z - [REQUEST]: Updated workspace context based on watched changes, recomputing project graph...
[NX v20.8.4 Daemon Server] - 2026-07-23T14:06:04.074Z - [REQUEST]: packages/backend-config/tsconfig.json
[NX v20.8.4 Daemon Server] - 2026-07-23T14:06:04.074Z - [REQUEST]: packages/backend-config/tsconfig.json.tmp.24124.b472bc615836
[NX v20.8.4 Daemon Server] - 2026-07-23T14:06:04.082Z - Time taken for 'hash changed files from watcher' 1.1783000000286847ms
[NX v20.8.4 Daemon Server] - 2026-07-23T14:06:04.118Z - Time taken for 'build-project-configs' 30.596200000029057ms
[NX v20.8.4 Daemon Server] - 2026-07-23T14:06:04.204Z - [SYNC]: collect registered sync generators
[NX v20.8.4 Daemon Server] - 2026-07-23T14:06:04.208Z - [SYNC]: project graph hash is the same, not collecting task sync generators
[NX v20.8.4 Daemon Server] - 2026-07-23T14:06:04.209Z - [SYNC]: nx.json hash is the same, not collecting global sync generators
[NX v20.8.4 Daemon Server] - 2026-07-23T14:06:04.209Z - Time taken for 'total execution time for createProjectGraph()' 53.185899999924004ms
[NX v20.8.4 Daemon Server] - 2026-07-23T14:06:10.229Z - [WATCHER]: Processing file changes in outputs
[NX v20.8.4 Daemon Server] - 2026-07-23T14:06:10.233Z - [WATCHER]: packages/backend-contracts/tsconfig.json.tmp.24124.dadafb061224 was modified
[NX v20.8.4 Daemon Server] - 2026-07-23T14:06:10.342Z - [WATCHER]: 1 file(s) created or restored, 0 file(s) modified, 1 file(s) deleted
[NX v20.8.4 Daemon Server] - 2026-07-23T14:06:10.343Z - [WATCHER]: Processing file changes in outputs
[NX v20.8.4 Daemon Server] - 2026-07-23T14:06:10.483Z - [REQUEST]: Updated workspace context based on watched changes, recomputing project graph...
[NX v20.8.4 Daemon Server] - 2026-07-23T14:06:10.483Z - [REQUEST]: packages/backend-contracts/tsconfig.json
[NX v20.8.4 Daemon Server] - 2026-07-23T14:06:10.484Z - [REQUEST]: packages/backend-contracts/tsconfig.json.tmp.24124.dadafb061224
[NX v20.8.4 Daemon Server] - 2026-07-23T14:06:10.500Z - Time taken for 'hash changed files from watcher' 3.0253999999258667ms
[NX v20.8.4 Daemon Server] - 2026-07-23T14:06:10.567Z - Time taken for 'build-project-configs' 61.381300000008196ms
[NX v20.8.4 Daemon Server] - 2026-07-23T14:06:10.615Z - [SYNC]: collect registered sync generators
[NX v20.8.4 Daemon Server] - 2026-07-23T14:06:10.616Z - [SYNC]: project graph hash is the same, not collecting task sync generators
[NX v20.8.4 Daemon Server] - 2026-07-23T14:06:10.616Z - [SYNC]: nx.json hash is the same, not collecting global sync generators
[NX v20.8.4 Daemon Server] - 2026-07-23T14:06:10.616Z - Time taken for 'total execution time for createProjectGraph()' 45.30629999982193ms
[NX v20.8.4 Daemon Server] - 2026-07-23T14:06:15.264Z - [WATCHER]: packages/backend-database/tsconfig.json.tmp.24124.aada9df6345a was modified
[NX v20.8.4 Daemon Server] - 2026-07-23T14:06:15.588Z - [WATCHER]: Processing file changes in outputs
[NX v20.8.4 Daemon Server] - 2026-07-23T14:06:15.642Z - [WATCHER]: 1 file(s) created or restored, 0 file(s) modified, 1 file(s) deleted
[NX v20.8.4 Daemon Server] - 2026-07-23T14:06:15.642Z - [WATCHER]: Processing file changes in outputs
[NX v20.8.4 Daemon Server] - 2026-07-23T14:06:15.799Z - [REQUEST]: Updated workspace context based on watched changes, recomputing project graph...
[NX v20.8.4 Daemon Server] - 2026-07-23T14:06:15.799Z - [REQUEST]: packages/backend-database/tsconfig.json
[NX v20.8.4 Daemon Server] - 2026-07-23T14:06:15.799Z - [REQUEST]: packages/backend-database/tsconfig.json.tmp.24124.aada9df6345a
[NX v20.8.4 Daemon Server] - 2026-07-23T14:06:15.804Z - Time taken for 'hash changed files from watcher' 0.8038999999407679ms
[NX v20.8.4 Daemon Server] - 2026-07-23T14:06:15.831Z - Time taken for 'build-project-configs' 21.274299999931827ms
[NX v20.8.4 Daemon Server] - 2026-07-23T14:06:15.876Z - [SYNC]: collect registered sync generators
[NX v20.8.4 Daemon Server] - 2026-07-23T14:06:15.877Z - [SYNC]: project graph hash is the same, not collecting task sync generators
[NX v20.8.4 Daemon Server] - 2026-07-23T14:06:15.877Z - [SYNC]: nx.json hash is the same, not collecting global sync generators
[NX v20.8.4 Daemon Server] - 2026-07-23T14:06:15.877Z - Time taken for 'total execution time for createProjectGraph()' 34.378099999856204ms
[NX v20.8.4 Daemon Server] - 2026-07-23T14:06:21.010Z - [WATCHER]: packages/backend-observability/tsconfig.json.tmp.24124.2c2cf4b5ab98 was modified
[NX v20.8.4 Daemon Server] - 2026-07-23T14:06:22.271Z - [WATCHER]: Processing file changes in outputs
[NX v20.8.4 Daemon Server] - 2026-07-23T14:06:22.324Z - [WATCHER]: 1 file(s) created or restored, 0 file(s) modified, 1 file(s) deleted
[NX v20.8.4 Daemon Server] - 2026-07-23T14:06:22.324Z - [WATCHER]: Processing file changes in outputs
[NX v20.8.4 Daemon Server] - 2026-07-23T14:06:22.480Z - [REQUEST]: Updated workspace context based on watched changes, recomputing project graph...
[NX v20.8.4 Daemon Server] - 2026-07-23T14:06:22.480Z - [REQUEST]: packages/backend-observability/tsconfig.json
[NX v20.8.4 Daemon Server] - 2026-07-23T14:06:22.480Z - [REQUEST]: packages/backend-observability/tsconfig.json.tmp.24124.2c2cf4b5ab98
[NX v20.8.4 Daemon Server] - 2026-07-23T14:06:22.485Z - Time taken for 'hash changed files from watcher' 0.6232999998610467ms
[NX v20.8.4 Daemon Server] - 2026-07-23T14:06:22.507Z - Time taken for 'build-project-configs' 17.741099999984726ms
[NX v20.8.4 Daemon Server] - 2026-07-23T14:06:22.555Z - [SYNC]: collect registered sync generators
[NX v20.8.4 Daemon Server] - 2026-07-23T14:06:22.555Z - [SYNC]: project graph hash is the same, not collecting task sync generators
[NX v20.8.4 Daemon Server] - 2026-07-23T14:06:22.556Z - [SYNC]: nx.json hash is the same, not collecting global sync generators
[NX v20.8.4 Daemon Server] - 2026-07-23T14:06:22.556Z - Time taken for 'total execution time for createProjectGraph()' 34.440200000070035ms
[NX v20.8.4 Daemon Server] - 2026-07-23T14:06:27.026Z - [WATCHER]: Processing file changes in outputs
[NX v20.8.4 Daemon Server] - 2026-07-23T14:06:27.029Z - [WATCHER]: packages/backend-security/tsconfig.json.tmp.24124.5ede19deb3df was modified
[NX v20.8.4 Daemon Server] - 2026-07-23T14:06:28.287Z - [WATCHER]: 1 file(s) created or restored, 0 file(s) modified, 1 file(s) deleted
[NX v20.8.4 Daemon Server] - 2026-07-23T14:06:28.319Z - [WATCHER]: Processing file changes in outputs
[NX v20.8.4 Daemon Server] - 2026-07-23T14:06:28.443Z - [REQUEST]: Updated workspace context based on watched changes, recomputing project graph...
[NX v20.8.4 Daemon Server] - 2026-07-23T14:06:28.443Z - [REQUEST]: packages/backend-security/tsconfig.json
[NX v20.8.4 Daemon Server] - 2026-07-23T14:06:28.443Z - [REQUEST]: packages/backend-security/tsconfig.json.tmp.24124.5ede19deb3df
[NX v20.8.4 Daemon Server] - 2026-07-23T14:06:28.446Z - Time taken for 'hash changed files from watcher' 0.5508000000845641ms
[NX v20.8.4 Daemon Server] - 2026-07-23T14:06:28.464Z - Time taken for 'build-project-configs' 14.277199999894947ms
[NX v20.8.4 Daemon Server] - 2026-07-23T14:06:28.501Z - [SYNC]: collect registered sync generators
[NX v20.8.4 Daemon Server] - 2026-07-23T14:06:28.502Z - [SYNC]: project graph hash is the same, not collecting task sync generators
[NX v20.8.4 Daemon Server] - 2026-07-23T14:06:28.502Z - [SYNC]: nx.json hash is the same, not collecting global sync generators
[NX v20.8.4 Daemon Server] - 2026-07-23T14:06:28.502Z - Time taken for 'total execution time for createProjectGraph()' 26.499500000150874ms
[NX v20.8.4 Daemon Server] - 2026-07-23T14:06:32.860Z - [WATCHER]: packages/backend-shared-kernel/tsconfig.json.tmp.24124.6474924357ca was modified
[NX v20.8.4 Daemon Server] - 2026-07-23T14:06:33.843Z - [WATCHER]: Processing file changes in outputs
[NX v20.8.4 Daemon Server] - 2026-07-23T14:06:33.906Z - [WATCHER]: packages/backend-shared-kernel/tsconfig.json.tmp.24124.6474924357ca was modified
[NX v20.8.4 Daemon Server] - 2026-07-23T14:06:33.906Z - [WATCHER]: Processing file changes in outputs
[NX v20.8.4 Daemon Server] - 2026-07-23T14:06:34.051Z - [REQUEST]: Updated workspace context based on watched changes, recomputing project graph...
[NX v20.8.4 Daemon Server] - 2026-07-23T14:06:34.051Z - [REQUEST]: packages/backend-shared-kernel/tsconfig.json.tmp.24124.6474924357ca
[NX v20.8.4 Daemon Server] - 2026-07-23T14:06:34.051Z - [REQUEST]: 
[NX v20.8.4 Daemon Server] - 2026-07-23T14:06:34.065Z - Time taken for 'hash changed files from watcher' 3.847499999916181ms
[NX v20.8.4 Daemon Server] - 2026-07-23T14:06:34.136Z - Time taken for 'build-project-configs' 66.58759999996983ms
[NX v20.8.4 Daemon Server] - 2026-07-23T14:06:34.184Z - [SYNC]: collect registered sync generators
[NX v20.8.4 Daemon Server] - 2026-07-23T14:06:34.185Z - [SYNC]: project graph hash is the same, not collecting task sync generators
[NX v20.8.4 Daemon Server] - 2026-07-23T14:06:34.186Z - [SYNC]: nx.json hash is the same, not collecting global sync generators
[NX v20.8.4 Daemon Server] - 2026-07-23T14:06:34.186Z - Time taken for 'total execution time for createProjectGraph()' 41.70120000001043ms
[NX v20.8.4 Daemon Server] - 2026-07-23T14:06:34.233Z - [WATCHER]: Processing file changes in outputs
[NX v20.8.4 Daemon Server] - 2026-07-23T14:06:34.234Z - [WATCHER]: 1 file(s) created or restored, 0 file(s) modified, 1 file(s) deleted
[NX v20.8.4 Daemon Server] - 2026-07-23T14:06:34.371Z - [REQUEST]: Updated workspace context based on watched changes, recomputing project graph...
[NX v20.8.4 Daemon Server] - 2026-07-23T14:06:34.371Z - [REQUEST]: packages/backend-shared-kernel/tsconfig.json
[NX v20.8.4 Daemon Server] - 2026-07-23T14:06:34.371Z - [REQUEST]: packages/backend-shared-kernel/tsconfig.json.tmp.24124.6474924357ca
[NX v20.8.4 Daemon Server] - 2026-07-23T14:06:34.382Z - Time taken for 'hash changed files from watcher' 27.73450000002049ms
[NX v20.8.4 Daemon Server] - 2026-07-23T14:06:34.458Z - Time taken for 'build-project-configs' 53.28070000000298ms
[NX v20.8.4 Daemon Server] - 2026-07-23T14:06:34.581Z - [SYNC]: collect registered sync generators
[NX v20.8.4 Daemon Server] - 2026-07-23T14:06:34.583Z - [SYNC]: project graph hash is the same, not collecting task sync generators
[NX v20.8.4 Daemon Server] - 2026-07-23T14:06:34.583Z - [SYNC]: nx.json hash is the same, not collecting global sync generators
[NX v20.8.4 Daemon Server] - 2026-07-23T14:06:34.583Z - Time taken for 'total execution time for createProjectGraph()' 100.97860000003129ms
[NX v20.8.4 Daemon Server] - 2026-07-23T14:06:53.890Z - [WATCHER]: Processing file changes in outputs
[NX v20.8.4 Daemon Server] - 2026-07-23T14:06:53.891Z - [WATCHER]: apps/api/tsconfig.json.tmp.24124.16358519fc28 was modified
[NX v20.8.4 Daemon Server] - 2026-07-23T14:06:54.271Z - [WATCHER]: 1 file(s) created or restored, 0 file(s) modified, 1 file(s) deleted
[NX v20.8.4 Daemon Server] - 2026-07-23T14:06:54.271Z - [WATCHER]: Processing file changes in outputs
[NX v20.8.4 Daemon Server] - 2026-07-23T14:06:54.416Z - [REQUEST]: Updated workspace context based on watched changes, recomputing project graph...
[NX v20.8.4 Daemon Server] - 2026-07-23T14:06:54.416Z - [REQUEST]: apps/api/tsconfig.json
[NX v20.8.4 Daemon Server] - 2026-07-23T14:06:54.417Z - [REQUEST]: apps/api/tsconfig.json.tmp.24124.16358519fc28
[NX v20.8.4 Daemon Server] - 2026-07-23T14:06:54.425Z - Time taken for 'hash changed files from watcher' 1.8984000000637025ms
[NX v20.8.4 Daemon Server] - 2026-07-23T14:06:54.460Z - Time taken for 'build-project-configs' 28.128099999856204ms
[NX v20.8.4 Daemon Server] - 2026-07-23T14:06:54.517Z - [SYNC]: collect registered sync generators
[NX v20.8.4 Daemon Server] - 2026-07-23T14:06:54.518Z - [SYNC]: project graph hash is the same, not collecting task sync generators
[NX v20.8.4 Daemon Server] - 2026-07-23T14:06:54.518Z - [SYNC]: nx.json hash is the same, not collecting global sync generators
[NX v20.8.4 Daemon Server] - 2026-07-23T14:06:54.518Z - Time taken for 'total execution time for createProjectGraph()' 43.901900000171736ms
[NX v20.8.4 Daemon Server] - 2026-07-23T14:07:04.324Z - [WATCHER]: Processing file changes in outputs
[NX v20.8.4 Daemon Server] - 2026-07-23T14:07:04.325Z - [WATCHER]: apps/worker/tsconfig.json.tmp.24124.2f9ac377b9aa was modified
[NX v20.8.4 Daemon Server] - 2026-07-23T14:07:04.976Z - [WATCHER]: Processing file changes in outputs
[NX v20.8.4 Daemon Server] - 2026-07-23T14:07:04.977Z - [WATCHER]: 1 file(s) created or restored, 0 file(s) modified, 1 file(s) deleted
[NX v20.8.4 Daemon Server] - 2026-07-23T14:07:05.135Z - [REQUEST]: Updated workspace context based on watched changes, recomputing project graph...
[NX v20.8.4 Daemon Server] - 2026-07-23T14:07:05.135Z - [REQUEST]: apps/worker/tsconfig.json
[NX v20.8.4 Daemon Server] - 2026-07-23T14:07:05.135Z - [REQUEST]: apps/worker/tsconfig.json.tmp.24124.2f9ac377b9aa
[NX v20.8.4 Daemon Server] - 2026-07-23T14:07:05.140Z - Time taken for 'hash changed files from watcher' 1.1050999998115003ms
[NX v20.8.4 Daemon Server] - 2026-07-23T14:07:05.174Z - Time taken for 'build-project-configs' 25.623799999943003ms
[NX v20.8.4 Daemon Server] - 2026-07-23T14:07:05.216Z - [SYNC]: collect registered sync generators
[NX v20.8.4 Daemon Server] - 2026-07-23T14:07:05.217Z - [SYNC]: project graph hash is the same, not collecting task sync generators
[NX v20.8.4 Daemon Server] - 2026-07-23T14:07:05.217Z - [SYNC]: nx.json hash is the same, not collecting global sync generators
[NX v20.8.4 Daemon Server] - 2026-07-23T14:07:05.217Z - Time taken for 'total execution time for createProjectGraph()' 34.33129999996163ms
[NX v20.8.4 Daemon Server] - 2026-07-23T14:07:10.420Z - [WATCHER]: apps/scheduler/tsconfig.json.tmp.24124.44b1c2c3b431 was modified
[NX v20.8.4 Daemon Server] - 2026-07-23T14:07:11.322Z - [WATCHER]: Processing file changes in outputs
[NX v20.8.4 Daemon Server] - 2026-07-23T14:07:11.380Z - [WATCHER]: 1 file(s) created or restored, 0 file(s) modified, 1 file(s) deleted
[NX v20.8.4 Daemon Server] - 2026-07-23T14:07:11.380Z - [WATCHER]: Processing file changes in outputs
[NX v20.8.4 Daemon Server] - 2026-07-23T14:07:11.537Z - [REQUEST]: Updated workspace context based on watched changes, recomputing project graph...
[NX v20.8.4 Daemon Server] - 2026-07-23T14:07:11.537Z - [REQUEST]: apps/scheduler/tsconfig.json
[NX v20.8.4 Daemon Server] - 2026-07-23T14:07:11.537Z - [REQUEST]: apps/scheduler/tsconfig.json.tmp.24124.44b1c2c3b431
[NX v20.8.4 Daemon Server] - 2026-07-23T14:07:11.543Z - Time taken for 'hash changed files from watcher' 0.9672000000718981ms
[NX v20.8.4 Daemon Server] - 2026-07-23T14:07:11.568Z - Time taken for 'build-project-configs' 19.505000000121072ms
[NX v20.8.4 Daemon Server] - 2026-07-23T14:07:11.612Z - [SYNC]: collect registered sync generators
[NX v20.8.4 Daemon Server] - 2026-07-23T14:07:11.613Z - [SYNC]: project graph hash is the same, not collecting task sync generators
[NX v20.8.4 Daemon Server] - 2026-07-23T14:07:11.613Z - [SYNC]: nx.json hash is the same, not collecting global sync generators
[NX v20.8.4 Daemon Server] - 2026-07-23T14:07:11.613Z - Time taken for 'total execution time for createProjectGraph()' 36.10110000008717ms
[NX v20.8.4 Daemon Server] - 2026-07-23T14:07:20.446Z - [WATCHER]: packages/backend-testing/tsconfig.json.tmp.24124.9df77a65cfbf was modified
[NX v20.8.4 Daemon Server] - 2026-07-23T14:07:20.500Z - [WATCHER]: Processing file changes in outputs
[NX v20.8.4 Daemon Server] - 2026-07-23T14:07:20.555Z - [WATCHER]: 1 file(s) created or restored, 0 file(s) modified, 1 file(s) deleted
[NX v20.8.4 Daemon Server] - 2026-07-23T14:07:20.555Z - [WATCHER]: Processing file changes in outputs
[NX v20.8.4 Daemon Server] - 2026-07-23T14:07:20.713Z - [REQUEST]: Updated workspace context based on watched changes, recomputing project graph...
[NX v20.8.4 Daemon Server] - 2026-07-23T14:07:20.713Z - [REQUEST]: packages/backend-testing/tsconfig.json
[NX v20.8.4 Daemon Server] - 2026-07-23T14:07:20.713Z - [REQUEST]: packages/backend-testing/tsconfig.json.tmp.24124.9df77a65cfbf
[NX v20.8.4 Daemon Server] - 2026-07-23T14:07:20.720Z - Time taken for 'hash changed files from watcher' 1.4851999999955297ms
[NX v20.8.4 Daemon Server] - 2026-07-23T14:07:20.759Z - Time taken for 'build-project-configs' 33.83009999990463ms
[NX v20.8.4 Daemon Server] - 2026-07-23T14:07:20.799Z - [SYNC]: collect registered sync generators
[NX v20.8.4 Daemon Server] - 2026-07-23T14:07:20.799Z - [SYNC]: project graph hash is the same, not collecting task sync generators
[NX v20.8.4 Daemon Server] - 2026-07-23T14:07:20.799Z - [SYNC]: nx.json hash is the same, not collecting global sync generators
[NX v20.8.4 Daemon Server] - 2026-07-23T14:07:20.799Z - Time taken for 'total execution time for createProjectGraph()' 30.54630000004545ms
[NX v20.8.4 Daemon Server] - 2026-07-23T14:07:31.912Z - [WATCHER]: Processing file changes in outputs
[NX v20.8.4 Daemon Server] - 2026-07-23T14:07:32.040Z - [WATCHER]: 0 file(s) created or restored, 0 file(s) modified, 8 file(s) deleted
[NX v20.8.4 Daemon Server] - 2026-07-23T14:07:32.041Z - [WATCHER]: Processing file changes in outputs
[NX v20.8.4 Daemon Server] - 2026-07-23T14:07:32.243Z - [REQUEST]: Updated workspace context based on watched changes, recomputing project graph...
[NX v20.8.4 Daemon Server] - 2026-07-23T14:07:32.243Z - [REQUEST]: 
[NX v20.8.4 Daemon Server] - 2026-07-23T14:07:32.243Z - [REQUEST]: packages/backend-shared-kernel/dist,packages/backend-contracts/dist,packages/backend-config/dist,packages/backend-security/dist,apps/api/dist,packages/backend-observability/dist,packages/backend-testing/dist,packages/backend-database/dist
[NX v20.8.4 Daemon Server] - 2026-07-23T14:07:32.246Z - Time taken for 'hash changed files from watcher' 0.8219999999273568ms
[NX v20.8.4 Daemon Server] - 2026-07-23T14:07:32.265Z - Time taken for 'build-project-configs' 12.994799999985844ms
[NX v20.8.4 Daemon Server] - 2026-07-23T14:07:32.295Z - [SYNC]: collect registered sync generators
[NX v20.8.4 Daemon Server] - 2026-07-23T14:07:32.296Z - [SYNC]: project graph hash is the same, not collecting task sync generators
[NX v20.8.4 Daemon Server] - 2026-07-23T14:07:32.296Z - [SYNC]: nx.json hash is the same, not collecting global sync generators
[NX v20.8.4 Daemon Server] - 2026-07-23T14:07:32.296Z - Time taken for 'total execution time for createProjectGraph()' 22.501699999906123ms
[NX v20.8.4 Daemon Server] - 2026-07-23T14:07:33.964Z - [WATCHER]: Processing file changes in outputs
[NX v20.8.4 Daemon Server] - 2026-07-23T14:07:34.043Z - [WATCHER]: Processing file changes in outputs
[NX v20.8.4 Daemon Server] - 2026-07-23T14:07:34.930Z - [WATCHER]: Processing file changes in outputs
[NX v20.8.4 Daemon Server] - 2026-07-23T14:07:35.665Z - [WATCHER]: Processing file changes in outputs
[NX v20.8.4 Daemon Server] - 2026-07-23T14:07:35.731Z - [WATCHER]: Processing file changes in outputs
[NX v20.8.4 Daemon Server] - 2026-07-23T14:07:36.031Z - [WATCHER]: Processing file changes in outputs
[NX v20.8.4 Daemon Server] - 2026-07-23T14:07:36.094Z - [WATCHER]: Processing file changes in outputs
[NX v20.8.4 Daemon Server] - 2026-07-23T14:07:37.263Z - [WATCHER]: Processing file changes in outputs
[NX v20.8.4 Daemon Server] - 2026-07-23T14:07:37.620Z - [WATCHER]: Processing file changes in outputs
[NX v20.8.4 Daemon Server] - 2026-07-23T14:07:37.714Z - [WATCHER]: Processing file changes in outputs
[NX v20.8.4 Daemon Server] - 2026-07-23T14:07:38.188Z - [WATCHER]: Processing file changes in outputs
[NX v20.8.4 Daemon Server] - 2026-07-23T14:07:38.252Z - [WATCHER]: Processing file changes in outputs
[NX v20.8.4 Daemon Server] - 2026-07-23T14:07:38.424Z - [WATCHER]: Processing file changes in outputs
[NX v20.8.4 Daemon Server] - 2026-07-23T14:07:38.516Z - [WATCHER]: Processing file changes in outputs
[NX v20.8.4 Daemon Server] - 2026-07-23T14:07:38.566Z - [WATCHER]: Processing file changes in outputs
[NX v20.8.4 Daemon Server] - 2026-07-23T14:07:38.626Z - [WATCHER]: Processing file changes in outputs
[NX v20.8.4 Daemon Server] - 2026-07-23T14:07:38.690Z - [WATCHER]: Processing file changes in outputs
[NX v20.8.4 Daemon Server] - 2026-07-23T14:07:38.752Z - [WATCHER]: Processing file changes in outputs
[NX v20.8.4 Daemon Server] - 2026-07-23T14:07:38.824Z - [WATCHER]: Processing file changes in outputs
[NX v20.8.4 Daemon Server] - 2026-07-23T14:08:01.362Z - [WATCHER]: Processing file changes in outputs
[NX v20.8.4 Daemon Server] - 2026-07-23T14:08:02.132Z - [WATCHER]: Processing file changes in outputs
[NX v20.8.4 Daemon Server] - 2026-07-23T14:08:02.371Z - [WATCHER]: Processing file changes in outputs
[NX v20.8.4 Daemon Server] - 2026-07-23T14:08:04.282Z - [WATCHER]: Processing file changes in outputs
[NX v20.8.4 Daemon Server] - 2026-07-23T14:08:19.285Z - [WATCHER]: 0 file(s) created or restored, 0 file(s) modified, 24 file(s) deleted
[NX v20.8.4 Daemon Server] - 2026-07-23T14:08:19.285Z - [WATCHER]: Processing file changes in outputs
[NX v20.8.4 Daemon Server] - 2026-07-23T14:08:19.690Z - [REQUEST]: Updated workspace context based on watched changes, recomputing project graph...
[NX v20.8.4 Daemon Server] - 2026-07-23T14:08:19.690Z - [REQUEST]: 
[NX v20.8.4 Daemon Server] - 2026-07-23T14:08:19.690Z - [REQUEST]: packages/backend-config/src/index.d.ts,packages/backend-config/src/env.schema.d.ts,packages/backend-contracts/src/response.envelope.d.ts,packages/backend-security/src/hashing.service.d.ts,packages/backend-security/src/hashing.service.js,packages/backend-config/src/index.js.map,packages/backend-security/src/index.js,packages/backend-security/src/rbac.guards.js,packages/backend-security/src/auth.interfaces.js.map,packages/backend-security/src/secret.redactor.js,packages/backend-config/src/env.schema.js.map,packages/backend-contracts/src/index.js,packages/backend-security/src/auth.interfaces.js,packages/backend-security/src/hashing.service.js.map,packages/backend-security/src/secret.redactor.js.map,packages/backend-security/src/rbac.guards.js.map,packages/backend-security/src/secret.redactor.d.ts,packages/backend-config/src/index.js,packages/backend-config/src/env.schema.js,packages/backend-contracts/src/response.envelope.js.map,packages/backend-contracts/src/response.envelope.js,packages/backend-security/src/index.js.map,packages/backend-contracts/src/index.js.map,packages/backend-contracts/src/index.d.ts
[NX v20.8.4 Daemon Server] - 2026-07-23T14:08:19.696Z - Time taken for 'hash changed files from watcher' 0.7299999999813735ms
[NX v20.8.4 Daemon Server] - 2026-07-23T14:08:19.733Z - Time taken for 'build-project-configs' 28.840899999951944ms
[NX v20.8.4 Daemon Server] - 2026-07-23T14:08:19.791Z - [SYNC]: collect registered sync generators
[NX v20.8.4 Daemon Server] - 2026-07-23T14:08:19.792Z - [SYNC]: project graph hash is the same, not collecting task sync generators
[NX v20.8.4 Daemon Server] - 2026-07-23T14:08:19.792Z - [SYNC]: nx.json hash is the same, not collecting global sync generators
[NX v20.8.4 Daemon Server] - 2026-07-23T14:08:19.792Z - Time taken for 'total execution time for createProjectGraph()' 44.72839999990538ms
[NX v20.8.4 Daemon Server] - 2026-07-23T14:08:30.481Z - [WATCHER]: .gitignore.tmp.24124.37a039a60b3f was modified
[NX v20.8.4 Daemon Server] - 2026-07-23T14:08:30.482Z - [WATCHER]: Processing file changes in outputs
[NX v20.8.4 Daemon Server] - 2026-07-23T14:08:31.301Z - [REQUEST]: Updated workspace context based on watched changes, recomputing project graph...
[NX v20.8.4 Daemon Server] - 2026-07-23T14:08:31.449Z - [REQUEST]: .gitignore.tmp.24124.37a039a60b3f
[NX v20.8.4 Daemon Server] - 2026-07-23T14:08:31.449Z - [REQUEST]: 
[NX v20.8.4 Daemon Server] - 2026-07-23T14:08:31.458Z - Time taken for 'hash changed files from watcher' 3.510699999984354ms
[NX v20.8.4 Daemon Server] - 2026-07-23T14:08:31.488Z - Time taken for 'build-project-configs' 23.27680000010878ms
[NX v20.8.4 Daemon Server] - 2026-07-23T14:08:31.544Z - [SYNC]: collect registered sync generators
[NX v20.8.4 Daemon Server] - 2026-07-23T14:08:31.545Z - [SYNC]: project graph hash is the same, not collecting task sync generators
[NX v20.8.4 Daemon Server] - 2026-07-23T14:08:31.545Z - [SYNC]: nx.json hash is the same, not collecting global sync generators
[NX v20.8.4 Daemon Server] - 2026-07-23T14:08:31.546Z - Time taken for 'total execution time for createProjectGraph()' 42.05480000004172ms
[NX v20.8.4 Daemon Server] - 2026-07-23T14:08:31.546Z - [WATCHER]: Processing file changes in outputs
[NX v20.8.4 Daemon Server] - 2026-07-23T14:08:31.548Z - [WATCHER]: 1 file(s) created or restored, 0 file(s) modified, 1 file(s) deleted
[NX v20.8.4 Daemon Server] - 2026-07-23T14:08:31.549Z - [WATCHER]: Stopping the watcher for E:\nexorra\Vargani App (sources)
[NX v20.8.4 Daemon Server] - 2026-07-23T14:08:31.550Z - [WATCHER]: Stopping the watcher for E:\nexorra\Vargani App (outputs)
[NX v20.8.4 Daemon Server] - 2026-07-23T14:08:31.594Z - Server stopped because: "Stopping the daemon the set of ignored files changed (native)"
